id,title,content,topics,forumId,forumAlias,forumName,gender,withNickname,likeCount,reactions,totalCommentCount,commentCount,createdAt,updatedAt,school,department,crisis_level
256070023,爸媽希望我回家住但我不想,"如題，本人是台北人，當初大學畢業，南下成大念碩班，畢業後爸媽要求我回家但我留下當研究助理想著跨領域磨練一年
今年約到期前陣子原本想要回北部找工作，但不打算搬回家，畢竟家裡比較小，也三年沒回去沒多的空間留給我了，之前有反應至少有個地方可以讓我擺張桌子，爸媽誤會以為我在逼他們買房要求有自己的房間，前陣子突然放房子照片說在看房，隔天就說成交，明明家裡沒錢硬要貸款，說是為了我們（包含姊姊跟弟弟）
而我最近考慮繼續念博班，跟他們說後，他們炸鍋覺得要念就應該回北部念台大，而且不走學術界就不該念博班，為了我房子都買了（但明明是現在的住家已經不行住人真的也要換一間.不完全只有我要房間的原因），我爸還說最近為了湊頭期真的壓力很大很頭痛，總之，整個談話妥妥情勒外加媽媽眼淚攻勢，把情緒都帶給我好像是我的錯一樣，讓我真的越來越想遠離這個家
而且我就是有興趣才想繼續念博…爸媽一整個沒辦法接受不知道大家有沒有用過類似的情況該怎麼做…","['爸媽', '回家']",75a726e6-d4e3-4902-a410-2430a39fffcb,mood,心情,F,False,10,"[{'id': '286f599c-f86a-4932-82f0-f5a06f1eca03', 'count': 10}]",37,14,2024-07-09T10:13:48.131Z,2024-07-09T10:13:48.131Z,,,1
256070019,渣先生與渣小姐,https://megapx-assets.dcard.tw/images/b7fdce28-40e9-4ab7-946d-85c60d316af8/orig.jpeg,[],75a726e6-d4e3-4902-a410-2430a39fffcb,mood,心情,F,False,0,[],0,0,2024-07-09T10:13:08.515Z,2024-07-09T10:13:08.515Z,,,0
256069978,紅藥丸像是現代男人的一曙光,"因為我是能享受到紅利的女生，我能理解心裡不平衡的男性，在學校男生讓著我，在公司上班時也是
主管也明顯對我和氣很多，社會是真的對一部份的男性不友善，藍頭說多一根苦一生不是沒道理哈哈

我個人的看法是紅藥丸已經不像單純解決求偶焦慮
他的存在更像是在這個對男性不友善時代的一曙光","['男人', '現代', '曙光', '紅藥丸']",75a726e6-d4e3-4902-a410-2430a39fffcb,mood,心情,F,False,29,"[{'id': '286f599c-f86a-4932-82f0-f5a06f1eca03', 'count': 24}, {'id': 'e8e6bc5d-41b0-4129-b134-97507523d7ff', 'count': 5}]",62,19,2024-07-09T10:07:51.848Z,2024-07-10T03:53:02.878Z,,,1
256069962,女生的留言 比男生更可怕,此篇文章為轉貼文章，請更新至最新版本觀看完整內容。,"['衣服', '穿搭', 'Youtuber']",75a726e6-d4e3-4902-a410-2430a39fffcb,mood,心情,M,False,0,[],1,1,2024-07-09T10:05:59.949Z,2024-07-09T10:05:59.949Z,,,0
256069954,讚啦！我的痞客邦文章全被刪了,"是這樣的，我在痞客邦裡寫了超過300篇文章，但是我某天突然想要繼續寫文章時，發現我的文章全~被~刪~了~

300篇欸！

雖然我有以防萬一每個文章都有記錄下來

但是我還是很佩服痞客邦！

痞客邦人！我的超人

如果看到我的痞客邦有文章，那就是我又重寫了一次

PS：痞客邦和部落格的差別是什麼我不知道，
但已經沒差了

這是我的痞客邦
https://www.pixnet.net/pcard/671846320c8625b58e/publish/articles

這是我自創的300個遊戲的統整網站https://sites.google.com/view/boysgame",['時事'],75a726e6-d4e3-4902-a410-2430a39fffcb,mood,心情,M,False,0,[],0,0,2024-07-09T10:05:21.893Z,2024-07-22T12:46:23.270Z,,,0
256069951,有病要去看醫生🙂,"更
原標題造成些許觀感不佳，因個人認知已給雙方應予價格，且已告知事項，最終卻得此回應，真的非常氣憤，才說出自嘲的話，再此我將好好反省🙇🏻‍♀️

真心奉勸那位買家錢好好留著看眼科，不僅文盲，還有可能色盲😊

-原文
如題，在二手交易版賣一顆巴黎世家水桶包
內文、細節、顏色都有告知
瘋狂砍價不說，還一直盧小小
能理解圖片會有色差，所以附上影片

結果說包像黑色
我：？？？？？？？
https://megapx-assets.dcard.tw/images/925b4892-a8ff-4546-803b-fc1ca3954318/orig.jpeg
https://megapx-assets.dcard.tw/images/a02cb88b-e6fe-4fc7-8683-0ec7de43619e/orig.jpeg
https://megapx-assets.dcard.tw/images/5d7f5496-044c-40ed-873e-d0a6d6bf82f9/orig.jpeg
https://megapx-assets.dcard.tw/images/4e58ce4e-3734-4116-ad26-24e1563c9103/orig.jpeg
https://megapx-assets.dcard.tw/images/620a5700-3514-4526-afd0-3dd503c095d6/orig.jpeg
https://megapx-assets.dcard.tw/images/16b76559-061b-4d3f-b5c6-6d49b949cab8/orig.jpeg
https://megapx-assets.dcard.tw/images/37deed9f-951f-44ea-8daa-bf0cf105278c/orig.jpeg
https://megapx-assets.dcard.tw/images/b42d1602-3986-4133-9cda-92ee90ca81e7/orig.jpeg

附上其中之一的照片、影片
https://megapx-assets.dcard.tw/images/3f076583-8b1d-4a16-90d9-ae09eaf8ef6a/orig.jpeg
https://megapx-assets.dcard.tw/videos/db726ff6-ff4a-48a9-b8f9-0a13c7bfa9b2/orig?r=1.78","['黑特', '二手交易', '巴黎世家', '包包']",75a726e6-d4e3-4902-a410-2430a39fffcb,mood,心情,F,True,43,"[{'id': '286f599c-f86a-4932-82f0-f5a06f1eca03', 'count': 40}, {'id': 'e8e6bc5d-41b0-4129-b134-97507523d7ff', 'count': 2}, {'id': '4b018f48-e184-445f-adf1-fc8e04ba09b9', 'count': 1}]",75,30,2024-07-09T10:04:50.670Z,2024-07-12T05:03:17.201Z,00,boo1997,0
256069926,雖然讀錯科系了 但我並不後悔,"如題


我是正規應日相關科系出生的


但學的並不好(考了好幾次N4）


其實以我的興趣 長相 專長 天份 志向 喜感這些來看


我應該是要去讀時尚造型或表演藝術相關才對


不過我並不後悔自己的選擇就是了(畢竟我確實已經對日語有一定的概念就是了)

附上最近很滿意的扮演造型(都是自改自搭的)
https://megapx-assets.dcard.tw/images/0f11a461-e849-4bdb-b1a3-d65ba840992e/orig.jpeg

https://megapx-assets.dcard.tw/images/71c3c196-92f3-42e3-9095-05732346193d/orig.webp

https://megapx-assets.dcard.tw/images/91a117d9-7c95-4119-81a0-326429e5e3ae/orig.webp

https://megapx-assets.dcard.tw/images/8afed4d8-09b3-4542-a374-7983fd26657a/orig.webp

https://megapx-assets.dcard.tw/images/d993a942-1f32-4aef-a68b-4fe748f38355/orig.webp


https://megapx-assets.dcard.tw/images/eefb6121-6a54-416b-a56d-ff6b5e2d8f96/orig.jpeg

https://megapx-assets.dcard.tw/images/007f170a-5c09-4aaf-ba2e-91e6a5829c02/orig.jpeg","['科系', '不後悔', '感情']",75a726e6-d4e3-4902-a410-2430a39fffcb,mood,心情,M,True,81,"[{'id': '286f599c-f86a-4932-82f0-f5a06f1eca03', 'count': 71}, {'id': 'e8e6bc5d-41b0-4129-b134-97507523d7ff', 'count': 8}, {'id': 'aa0d425f-d530-4478-9a77-fe3aedc79eea', 'count': 2}]",33,21,2024-07-09T10:01:49.718Z,2024-07-14T10:27:29.042Z,KS,be1074146,0
256069903,爸媽第一次出國,"單純想匿名 不知道該Po那個版😅
-
媽媽明年初要滿60了，我想要贊助爸媽出國過生日

我目前是打算讓他們去日本
畢竟不用轉機，人不排外，環境也乾淨
但還沒決定好去哪個地區
（我只去過東京 大阪 沖繩…😅）
（而且都自由行 排的行程走太多路不太適合兩老）

想讓他們跟團，不知各位卡友有沒有推薦的旅行團
最好不要有購物團，金額不限

希望卡友可以推薦看看哪裡適合第一次出國的長輩
給我一些意見😍🙏🏼","['爸媽', '出國', '媽媽', '生日禮物', '推薦']",75a726e6-d4e3-4902-a410-2430a39fffcb,mood,心情,F,False,7,"[{'id': '286f599c-f86a-4932-82f0-f5a06f1eca03', 'count': 7}]",20,12,2024-07-09T09:58:01.764Z,2024-07-09T09:58:01.764Z,,,0
256069818,怎麼一堆醜八怪不努力？,"如題
常常有人提到長相
什麼人帥 人正真好
是啦 帥正是天生的沒錯

但還真的不知道
誰天生長得醜欸
除了有缺陷那先不列入討論
明明多數人都可以讓自己看起來是普通而不是醜吧

像大家常說的fbi帥哥
說實在 很明顯的他換個髮型 換個眼鏡
肯定也不會醜 就是一般普通人

阿如果很肥的就去減肥（那種有疾病瘦不下來的也不討論）
髮型 眼鏡換一下 明明肯定能有個較適合的樣子

所以到底誰長得醜？

根本只有懶人沒有醜人吧
怎麼一堆人總是一句我醜 我就爛 我天生的","['醜八怪', '努力', '感情', '閒聊', '生活']",75a726e6-d4e3-4902-a410-2430a39fffcb,mood,心情,M,False,0,[],1,1,2024-07-09T09:46:35.465Z,2024-07-09T09:46:35.465Z,,,1
256069813,常常覺得自己不被身邊的人看重,"如題，最近越來越有這種感覺
之前跟朋友約吃飯，結果因為她要加班放鳥我，而且是她早早就知道，也沒有提早跟我說一聲，我都到了才跟我說她要加班沒辦法來

或是身邊伴侶也常常不在乎我的感受，需要幫忙的時候也不一定會伸出援手，感覺他過著只有自己的生活

也試過突破同溫層，尋找其他的朋友，但都沒辦法關係變得更好，常常因為對方忙碌，或是因為地區不同之類的原因，沒辦法一起出門，也不能一起玩

也知道有毒的關係要斷捨離，但如果這些有毒的關係已經是你身邊的全部了呢",['心事'],75a726e6-d4e3-4902-a410-2430a39fffcb,mood,心情,F,False,0,[],1,1,2024-07-09T09:46:16.143Z,2024-07-09T09:46:16.143Z,,,1
256069801,奇怪的電話,"下午來一通莫名其妙的電話，一接起來就問我會不會運動，有沒有壓力，連自我介紹都沒有🤷‍♀️

然後接下來一連通的問
有沒有性行為
會不會自慰
身邊朋友有幾個有經驗
⋯之類之類的

也不知道哪來的怪人
Whoscall查出來也沒東西
https://megapx-assets.dcard.tw/images/2668db8c-4f81-48ff-b6a2-f92f20cbca3f/orig.jpeg","['奇怪', '電話']",75a726e6-d4e3-4902-a410-2430a39fffcb,mood,心情,F,False,0,[],0,0,2024-07-09T09:44:52.730Z,2024-07-09T09:47:00.443Z,,,1
256069778,下輩子我也要當第一性,此篇文章為轉貼文章，請更新至最新版本觀看完整內容。,[],75a726e6-d4e3-4902-a410-2430a39fffcb,mood,心情,F,False,0,[],0,0,2024-07-09T09:41:33.967Z,2024-07-09T09:41:33.967Z,,,0
256069774,自己朋友跟前女友交往,"如題 知情後覺得很震撼不知道該怎麼去理解這件事情
男生以及女生並不知道我知道了這件事情，也是我們一群好朋友跟我講了以後才知道，分手了三個月馬上在一起，我是被無縫接軌了嗎？","['感情', '愛情', '交往']",75a726e6-d4e3-4902-a410-2430a39fffcb,mood,心情,M,True,2,"[{'id': '286f599c-f86a-4932-82f0-f5a06f1eca03', 'count': 2}]",1,1,2024-07-09T09:40:57.468Z,2024-07-09T09:40:57.468Z,猜猜看啊,asdfgh65432,0
256069764,最近上班很想睡覺,"不知道為啥就是很想睡覺
早睡早起也沒用
資料key 一 key就睡著了
怎麼辦…",[],75a726e6-d4e3-4902-a410-2430a39fffcb,mood,心情,F,False,0,[],1,1,2024-07-09T09:40:05.752Z,2024-07-09T09:40:05.752Z,,,0
256069734,弟弟女友把我家當旅館怎解,"原本還很開心母單弟弟終於交女友，沒想到卻是惡夢的開始
我們都是台北人，也在台北唸書所以都住家裡
弟弟女友雖然也是台北人，但說跟家裡感情不好
就順理成章的從原本偶爾住一下變成定居我家了

安靜好好住就算了，她還開始嫌東嫌西
剛開始我會禮貌性問要不要幫他們買晚餐
有時沒幫買還會被酸或跟我爸媽裝可憐
衛生紙的用量也很可怕，每次看垃圾桶都十幾張在丟的
看起來都像沒用過…他還跟我弟說衛生紙太薄了不好用
説舒潔的四層那種得比較好用，我真的大問號？？？
也不會主動洗自己的衣服，都蹭我或我媽的一起洗
是真的把我家當高級旅館了是不是？人家住旅館還會給錢咧

最近更誇張，因為天氣很熱，只要她在家冷氣就沒關過
但我們家睡覺是習慣開定時的，也比較省電
她就跟我弟抱怨常被熱醒，說如果是好的冷氣就沒有浪費電的問題
還說她家的大金都開整晚，功能很多也比較舒服
我弟可能也是戀愛腦，居然開始纏著我爸媽說想換…
不是啊那她幹嘛不滾回她家用她那舒服的冷氣啊？
真的很想一拳送給他…大家對於這種侵門踏戶的人都怎麼治啊？","['弟弟', '女友', '旅館']",75a726e6-d4e3-4902-a410-2430a39fffcb,mood,心情,F,False,238,"[{'id': '286f599c-f86a-4932-82f0-f5a06f1eca03', 'count': 206}, {'id': 'e8e6bc5d-41b0-4129-b134-97507523d7ff', 'count': 16}, {'id': '4b018f48-e184-445f-adf1-fc8e04ba09b9', 'count': 10}, {'id': 'aa0d425f-d530-4478-9a77-fe3aedc79eea', 'count': 5}, {'id': '514c2569-fd53-4d9d-a415-bf0f88e7329f', 'count': 1}]",198,84,2024-07-09T09:35:42.398Z,2024-07-16T00:38:09.867Z,,,0
256069717,Re: 致 正在暈船期待轉正的妳,此篇文章為轉貼文章，請更新至最新版本觀看完整內容。,"['感情', '暈船', '交友軟體', '曖昧', '情侶']",75a726e6-d4e3-4902-a410-2430a39fffcb,mood,心情,F,False,0,[],0,0,2024-07-09T09:33:34.143Z,2024-07-09T09:33:34.143Z,,,0
256069576,離職後還會跟前公司去員工旅遊嗎,"如標題，本人已經向公司提出辭呈，然後兩個月後公司有員工旅遊，地點在國外。

但今天HR問我：「要不要去員工旅遊，就算不去也會被扣錢，不如就跟著我們去玩，自費一些錢就好」。
還說：「不用在意別人眼光，沒有什麼臉皮厚不厚」。

我聽完我不知道怎麼回應，我只是說我會再考慮考慮。

想問大家，若是你，你會去嗎？



Option #1: 去，臉皮超厚
Option #2: 不去，被扣錢也不去","['離職', '公司', '員工旅遊', '員工', '工作']",75a726e6-d4e3-4902-a410-2430a39fffcb,mood,心情,M,False,0,[],2,1,2024-07-09T09:14:43.616Z,2024-07-09T09:14:43.616Z,,,0
256069539,大尺碼女孩的衣服都在哪裡買？,"本人平時穿的比較貼身，上衣size不小不大，大部份都是M，少部分大一點穿L。

最近想穿超級oversize的衣服，在服飾店看女生的衣服，XL還比男生的S小.....

內心滿滿os：這是要逼死誰？？？？

也有很瘦小的男生，當然也有很豐腴的女生啊！現在女生的衣服真的越做越小欸，女生不是超級瘦才好看好嘛！真的是傳播身材焦慮...🥲

所以後來我的超級oversize就很自然的屬於男裝了，但還是挺好看的。😍

只是很好奇，女生的oversize，大家都是在哪裡買的呢？一定有人買得到吧！🤔","['尺碼', '衣服', '女孩']",75a726e6-d4e3-4902-a410-2430a39fffcb,mood,心情,F,False,0,[],4,2,2024-07-09T09:10:02.313Z,2024-07-09T10:01:51.067Z,,,0
256069531,人際關係,"才專一的我就好想休學 什麼都弄不好 或許我本來就沒有用…
讀五專可能是我最後悔的一條路吧😞
每天都上演後宮甄嬛傳的感覺 搞心機 搞東搞西 快瘋了 只想好好安靜的上學好像很難一樣
就算交到朋友 也會被背叛 被亂傳話 
可是因為小組作業就很煩 跟大家搞不好關係 但是我真的不想跟班上的搞好關係啊…
因為轉過一次科系 就不能再轉了 真的好討厭..",['人際關係'],75a726e6-d4e3-4902-a410-2430a39fffcb,mood,心情,F,False,0,[],0,0,2024-07-09T09:09:03.572Z,2024-07-09T09:09:03.572Z,,,2
256069495,Lord,"Lord, I know I was wrong. I shouldn't have worried my parents. I feel terrible about myself, and I sincerely repent to you. Please give me the chance to make amends for all these faults. Help me find a job that aligns with my ideals.",[],75a726e6-d4e3-4902-a410-2430a39fffcb,mood,心情,F,False,0,[],0,0,2024-07-09T09:04:55.126Z,2024-07-09T09:04:55.126Z,,,0
256069492,想請問：照X光沒摘下金屬配件的影響,"昨日陪朋友去看診，需要照胸腔X光

放射科的人員說如有戴項鍊要卸除，內衣也需要脫掉，但朋友在照完以後才想起後腦勺的位置有兩個金屬夾子，是用來夾頭髮的，雖然人員說只會照到脖子最底連接胸，以及胸的部分，但因為朋友在照光時有仰頭，所以很擔心可能有照到

因為那位護理人員後續也較忙碌，不好抓著人家狂問，我們也有上網查，但沒有一個確切的結果，我們身邊也沒有醫事相關的朋友，所以想上來問問看這邊有無專業人士可以幫我們解惑，金屬照到X光後繼續配戴，究竟會不會有什麼影響？

麻煩了，非常感謝",['請問'],75a726e6-d4e3-4902-a410-2430a39fffcb,mood,心情,F,True,0,[],6,3,2024-07-09T09:04:31.132Z,2024-07-09T09:04:31.132Z,每天帶便當的上班族,lalala7354208,0
256069477,男人是一種淺薄又可笑的生物,"比如說很容易暈船 
只要提供好感就能跟他們上床
身體被激素控制 容易發情和做出錯誤決定
對精神層次的理解和追求比較淺薄
喜歡貶低式對話
不太會看臉色和讀空氣
擅長用怒吼、譏諷掩蓋內心的脆弱敏感
喜歡炫耀攀比、喜歡相互競爭
會有一種奇怪的英雄主義幻想
也會給自己套上很多框架 喜歡裝冷靜沉穩
喜歡裝逼  愛面子 自尊心高 不能夠接受女友比自己厲害


這是我綜合了所有相處過得男性大部分是這樣","['閒聊', '男人']",75a726e6-d4e3-4902-a410-2430a39fffcb,mood,心情,F,False,0,[],4,3,2024-07-09T09:02:46.344Z,2024-07-09T09:02:46.344Z,,,2
256069398,認識七年的閨蜜漸行漸遠,"我有一個從高中認識到現在的好姐妹
高中的時候形影不離
連座位老師都特地把我們排在一起
高中畢業到現在還是會有聯絡 但不太頻繁
畢竟有各自的交友圈和生活
她讀大學（目前畢業）而我出社會工作
偶爾我或她會各自密對方聊一下
她是除了我家人以外最了解知道我最多㊙️的人
我也很信任她 唯一跟她是交心的
不然我個人認為交友不需交多 （INFJ

我跟姐妹會大概半年見面一次
我在北部工作 如果要回去南部 
她也剛好在南部 我就會約她吃飯
她不太好約 要提前很早講
但基本上約都會出來
畢竟半年沒見面有很多可以聊 不怕尷尬
最近幾次聊天 感覺她變的不太一樣
例如：我最近在講我發生什麼 
她：哦 所以你想表達什麼
她以前不會這樣  講話都會修飾一下
所以我有點驚訝

然後我問她月中是否有空見面 
我確定好時間密她 
等了她兩天才回一句：我應該沒辦法
通常她不會很快回我 相對我也是
所以聊天頻率大概24小時內都會回
但我只是問她見面的事情 （重要的事情
兩天只等到模擬兩可的答案
我直接心灰意冷😊
要就一開始說不要就好 
給這種模糊的答案真的會很不爽
或許那天她真的也有自己的事要忙
但真的是一種感覺問題….
會覺得是她不太想跟我見面而拒絕 

上次見面的時候她讓我等了超過半小時多
因為前面她跟男友約會
但她來時候氣喘吁吁 也有解釋原因 
我非常討厭等人 但我看在七年的交情強壓怒火
還是當沒事跟她聊天吃飯

我覺得真正的好朋友即使不常聊天見面
感情還是不會散啊⋯⋯

https://sticker-assets.dcard.tw/images/b914ee31-e409-4670-8cf6-52189a7bada7/full.png","['閨蜜', '認識', '七年']",75a726e6-d4e3-4902-a410-2430a39fffcb,mood,心情,F,False,15,"[{'id': '286f599c-f86a-4932-82f0-f5a06f1eca03', 'count': 15}]",17,16,2024-07-09T08:52:36.519Z,2024-07-15T17:12:31.113Z,,,0
256069397,視覺扭曲異常,我3月初看阿姆勒斯方格表的時候 發現左眼注視右側時 左側的格子有扭曲 後來發現看櫃子也會 當下去做散瞳檢查 發現有破洞 立即補起來 但補完到現在還是有扭曲現象 但醫生說扭曲跟破洞沒關係 但我很確定是發現破洞那時候才開始有扭曲感（因為發現前一個月前也有做散瞳檢查無異常 且沒有扭曲感）到現在四個多月了之前都是閉右眼才覺得有扭曲感 但最近這兩個禮拜有時候覺得用雙眼看的時候某個角度視覺也會扭曲（但沒有單眼嚴重）五天前有回去散瞳檢查 醫生說也恢復不錯 三個月前也做過腦部斷層無異常 但我這樣就不知道什麼原因導致我雙眼有時候也會有扭曲感 本身有慮病症 也很容易把狀況放大 會一直在意 反正真的很怪 現在工作都常常在意 沒辦法專心唉 完全不知道什麼原因了,"['視覺', '視力', '眼睛']",75a726e6-d4e3-4902-a410-2430a39fffcb,mood,心情,M,False,0,[],0,0,2024-07-09T08:52:28.946Z,2024-07-09T08:52:28.946Z,,,0
256069390,有人的媽媽是這樣嗎....(文長),"請問在交往中的各位，如果跟自己的爸媽吵架時，會跟另一半分享吵架的原因嗎?或者是跟另一半分享平時自己爸媽的個性如何....等，互相分享彼此家人?

以下問題，大概跟我媽重複吵了有N次....昨天我媽又突然問我：「是不是都跟XX(男友名字)講我怎樣、你爸怎樣？我想知道他都回答什麼！他是不是都不會勸你要好好跟爸媽聊一下，只會附和你對吧！」我就回答說男友只是傾聽者，他不會去批評任何事！(這是真的，男友確實不會跟著我瞎起鬨說我爸媽怎樣)

沒想到我媽回說：「那他就跟你一樣是個幼稚的人，不會勸你好好跟爸媽聊，只會附和你！以後他不用再來我們家了！反正你都跟他講我怎樣，他心裡一定把我們想得很難看！看到我們也是尷尬」

當下真的是傻眼至極.....因為男友前陣子都會來我家住1晚，男友見到他們都很有禮貌打招呼！反觀是我爸媽弟弟，完全不會開口跟他聊天！男友曾經主動找我爸聊天，但我爸句點式回覆，他也很難繼續找話題....男友來我家幾乎就是坐在沙發上看電視或滑手機。


然後第二個問題也是讓我很困擾....

我跟男友交往快兩年，即使是遠距離，我們每個月都會約好見面時間！而每一次不管是跟朋友約還是男友約，我都會提前好幾天跟家裡說我星期幾要出門，已經排好會去哪、吃什麼！

上星期六男友來桃園找我，我一樣都有提前跟家裡預告要出門！然後當天回到家，我看我媽的臉臭到不行，我爸也問我今天去哪、去吃什麼？而我是屬於討厭話重複一直講的人，所以回答的時候不是很有耐心！我媽就跟我爸說：「管他去哪裡啊！反正他現在只把XX當家人啊，什麼都跟他報備！這麼好奇別人的事幹嘛」

接著我媽說了讓我不知道是我的錯還是她在無理取鬧？！她說：「你們寧可在市區閒晃，也不會帶XX來家裡打一下招呼！是怕我又會再批評他嗎?永遠只會逃避心理，好啊！以後他不用再來我們家了，我不要他來！」(因為我媽確實之前偶爾會私下批評我男友長相、穿著，我都會幫我男友講話！她覺得我心都向著外人)

而我也回我媽說：「反正他來我們家，你們也不會跟她聊天阿！只會圍著一個小圈圈排外而已！」我媽就講了一句她自以為開玩笑的話說：「叫他來擦地板阿！」

我覺得超無辜....因為我跟男友在市區不是閒晃，我們確實有規劃要看電影、吃飯！沒有想到要帶男友來家裡打一下招呼...

我已經覺得我男友人很好了！過年時會送我們家禮盒，反觀是我們家，都不會想說要回送！今年男友送我禮盒時，還是我花錢買禮盒回送給我男友家.....

覺得有這種媽媽很心累....我已經27了....有跟男友打算明年他來桃園工作，然後一起搬出去....","['媽媽', '感情', '男友', '家人', '壓力']",75a726e6-d4e3-4902-a410-2430a39fffcb,mood,心情,F,False,4,"[{'id': '286f599c-f86a-4932-82f0-f5a06f1eca03', 'count': 3}, {'id': 'e8e6bc5d-41b0-4129-b134-97507523d7ff', 'count': 1}]",6,4,2024-07-09T08:51:40.930Z,2024-07-11T19:21:41.585Z,,,2
256069380,Re: #黑白灰 人生中的第一個刺青,此篇文章為轉貼文章，請更新至最新版本觀看完整內容。,"['人生', '刺青', '日常']",75a726e6-d4e3-4902-a410-2430a39fffcb,mood,心情,F,True,0,[],1,1,2024-07-09T08:50:00.014Z,2024-07-09T08:50:00.014Z,太陽餅裡面沒有太陽,naughty666,0
256069265,好多原本可以救活的病人死在醫療崩潰,"最近在醫院很明顯能感受到無力感
可憐的醫院生活大家都不願做 到處缺人關床 
病患卻多到事情停不下來
在線的人一人要做兩人以上的工作

一堆卡在急診的病人 等不到病房
病房緊急或重症的 沒有ICU床
手術擠成一堆沒人力開

最近遇到好多案例⋯
腸胃道出血 急性心臟病 流感重症⋯
都在急診 病房等待ICU床
原本這些地方人力根本不夠去給予照顧
該做的檢查跟處置根本都沒辦法好好做
爛到IHCA CPR了大家才注意到 努力急救
救活繼續等床 救不活 床給下一個可憐人

詢問好幾個醫院的朋友也是一樣的情形
大家也都只能看著這種情形重複發生
盡力做好自己的部分就不錯了

唉 眼睜睜看著這些生命流逝 好多都還好年輕
只能希望家人朋友不會是那個躺在床上的
然後上來抒發個心情😢 感嘆自己的無能","['醫療', '醫院', '死亡', '健保', '病人']",75a726e6-d4e3-4902-a410-2430a39fffcb,mood,心情,M,False,532,"[{'id': '286f599c-f86a-4932-82f0-f5a06f1eca03', 'count': 449}, {'id': '514c2569-fd53-4d9d-a415-bf0f88e7329f', 'count': 66}, {'id': 'e8e6bc5d-41b0-4129-b134-97507523d7ff', 'count': 9}, {'id': '011ead16-9b83-4729-9fde-c588920c6c2d', 'count': 4}, {'id': '4b018f48-e184-445f-adf1-fc8e04ba09b9', 'count': 3}, {'id': 'aa0d425f-d530-4478-9a77-fe3aedc79eea', 'count': 1}]",285,115,2024-07-09T08:36:24.953Z,2024-07-16T11:54:35.838Z,長庚大學,,0
256069246,生日這天外婆傳來的祝賀⋯,"我今天生日奔30。
目前有個男友交往一年而已。

今天收到外婆在家族群裡發的祝賀line,
原以為只是簡單生日快樂⋯結果居然又跟我說想當太婆⋯（這不是第一次了
老人家不想多解釋什麼，八字都還沒一撇就在講這個⋯
真的很不舒服⋯
這麼急⋯那狗/貓兒子或女兒可不可以？（欸
https://sticker-assets.dcard.tw/images/25d38225-eca7-489f-aa32-47316eeebdce/full.png

為什麼是跟我說？要求婚的也不是我⋯
大家遇到這種都是笑一笑應付嗎？🥲","['生日', '家人', '壓力', '心事']",75a726e6-d4e3-4902-a410-2430a39fffcb,mood,心情,F,False,0,[],2,1,2024-07-09T08:34:26.065Z,2024-07-09T08:34:26.065Z,,,0
256069229,做了超仙乾燥玫瑰色美甲💅🏻,"百搭顏色不挑手
輕鬆駕馭 超加分
一舉一動 自帶溫柔優雅氛圍

低調卻不單調 完全可以試試👌🏻
他們還能到府服務超心動💗
可以廢在家 緊急需要卸甲也好方便
https://megapx-assets.dcard.tw/images/94cb0d76-d252-4938-a299-61ba66be0f0a/orig.jpeg","['美甲', '溫柔', '女生穿搭', '閒聊', '到府服務']",75a726e6-d4e3-4902-a410-2430a39fffcb,mood,心情,F,False,0,[],0,0,2024-07-09T08:32:28.505Z,2024-07-09T08:34:09.704Z,,,0
256069167,被家人搞崩潰了,"今天我終於崩潰了

妹妹從小害怕什麼都是我在陪，包含自己去社區地下室和去某些地方，小時候就算了，但她今年已經要升高二了，我就不懂為什麼要我陪她去補考...

我爸給出的理由是
「妳妹有憂鬱症，面對壓力會崩潰，妳就不能陪她嗎？」
我拒絕了
第一，她只是輕度，而且早在那之前她就不會處理自己的壓力
第二，我要升大三了，我整個暑假忙證照忙備考忙著算學分還要打工，我自己就快爆炸了實在沒心力管她
最後，我沒義務一直犧牲自己去照顧她的情緒

過沒多久我爸就用很不耐煩的口氣跟我說他要送我妹去（他很忙所以不耐煩），我問他為什麼她沒辦法自己去？
「因為妳不陪她我只好送她去呀」
拜託...她的學校只要搭公車轉捷運走一下而已，又不是多難到的地方！！！

整體的口氣就是一副變成這樣都是我的錯，也不是第一次了，每次妹妹出狀況我幾乎都會受到不耐煩的語氣拜託我去幫忙什麼
到今天真的受不了，邊聽他在隔壁安撫我妹的情緒邊把自己鎖起來爆哭
當然，鎖到最後只有換來門被暴擊大吼叫我出去吃飯，一句為什麼我一直在裡面不出來都沒問

我是不是應該明天收拾行李回學校租屋處直接消失比較好...
https://sticker-assets.dcard.tw/images/d417f1d1-22b9-4e19-a4e3-13ead086d78f/orig.png","['家人', '崩潰']",75a726e6-d4e3-4902-a410-2430a39fffcb,mood,心情,F,False,57,"[{'id': '286f599c-f86a-4932-82f0-f5a06f1eca03', 'count': 51}, {'id': '514c2569-fd53-4d9d-a415-bf0f88e7329f', 'count': 4}, {'id': 'e8e6bc5d-41b0-4129-b134-97507523d7ff', 'count': 1}, {'id': '4b018f48-e184-445f-adf1-fc8e04ba09b9', 'count': 1}]",35,25,2024-07-09T08:24:13.584Z,2024-07-16T04:27:02.147Z,,,1
256069116,有個控制狂爸爸心好累,"前言：
最近放暑假剛從外縣市回到家，跟阿公阿嬤、爸媽住一起
男友鼓勵我勇敢把自己想說的講出來，
發生以下家庭爭執的事

以下正文：

小時候不懂事，也因為爸爸管教很嚴厲，讓我一直不敢違反他的命令，
也就漸漸習慣了聽從他的命令，即使我不想做；但我還是會忍下來去做。
以前家人要出門玩，我爸都會問誰要跟他睡一個房間？
我跟我姐總是拒絕他；但最糟糕的是我
因為有男生的身份，讓他可以利用這個理由讓我跟著他。

高一的時候，因為在學校學習到電腦技能(Word,Excel....)
他就把自己的公文拿過來給我做
一開始他說：「讓我磨練」，因為我要考到證照，剛好有個機會練習
(當時還覺得他講得有道理)
所以他開始把所有能利用我的事情，都交給我
雖然有時候他會給我小費；但我每次都心情不好
他曾經也叫我教他怎樣劃表格、寄email、怎麼登入電腦的LINE....之類的事
但每一次都是教完就忘，他下次就問一樣的問題
即使他有做筆記、自己還練習過了

我身邊的朋友大部分都知道我爸的情況
也很感謝他們能包容我
因為我知道我很難約出門
以前每次出們都要先看他放假的班表
因為很多時候跟他說要跟朋友出門
他都會說不用，待在家就好
或是說家裡有阿公阿嬤要照顧。
真的跟朋友出門了，還要算他下班的時間，每次都必須趕在下班前回家
出門也要擔心他會不會又突然打電話問我在哪？
或是叫我幫他做什麼事情，完全沒辦法好好的出門玩
如果真的來不及回家，阿公阿嬤還會幫我解釋
但這樣的日子真的很累....

現在已經大二升大三了
他還會每學期都叫我傳課表給他看
規定：
一個禮拜要打幾次視訊給我
2個小時內，沒接到電話一個小時扣生活費2000塊
一個月要回家幾次
傳期中期末考成績給他看...等等

近期因為和男友交往才漸漸發現，原來我一直被我爸包裝過的言語欺騙。
以前就知道我爸的個性非常固執，連親戚都受不了、甚至叫他看心理醫生
但是他永遠覺得有錯的都是我們。
前天跟他表達自己的想法
1.
我：每次回家壓力都很大，因為你一回家就會叫我做事
爸：我賺錢給你讀書，你幫我做事情不是應該的嗎？
(我自己認為在合理要求內，我可以教他做
但是現在已經是他把一切都給我做
然後可以在旁邊泡茶、看電視)
2.
我：就是在這個環境下，很有壓力，沒有辦法好好讀書
爸：沒關係，有給你什麼壓力？
我：你都叫我幫你做、拖著我找你同事、照顧阿公、幫你處理銀行事情
爸：嗯嗯...(只是敷衍聽過而已)

結果今天被我媽找去他房間，兩個人一起跟我講
爸：他昨天說我電腦問題都叫他做是嗎？
我：對啊，你自己都不會先找答案、研究看看就丟給別人
(反正講到最後，扯到錢都是他上班辛苦賺來的
叫你做一點事情就不行喔？他說可以馬上退休，因為要賺錢供我讀書
我媽基本上就在附和他；偶爾說他自己也要練習操作電腦
我爸說：20歲心智年齡根本都不成熟、幼稚
強調阿公阿嬤小時候也有照顧我)

我知道現在無法經濟獨立；如果拿他的錢就必須委屈一點
我也說了我可以回學校附近打工賺錢
現階段只想把學業顧好、讓自己過得開心而已
也辛苦我男友了，我會撐過這段時間的","['控制狂', '爸爸']",75a726e6-d4e3-4902-a410-2430a39fffcb,mood,心情,M,False,0,[],2,1,2024-07-09T08:18:01.891Z,2024-07-09T08:18:01.891Z,,,1
256069111,漂霧眉超自然 無修復期 ✨,"輕鬆改變眉型
擺脫路人臉😻

質感提升超簡單
提升五官立體度
更有變識度💯💯
https://megapx-assets.dcard.tw/images/2158d5ea-280d-4993-aeb5-b6ba06f76642/orig.jpeg","['霧眉', '超自然', '分享', '修眉', '化妝新手']",75a726e6-d4e3-4902-a410-2430a39fffcb,mood,心情,F,False,0,[],0,0,2024-07-09T08:17:09.928Z,2024-07-09T08:17:09.928Z,,,0
256069099,非常的喜歡,"很喜歡大海，每次看到海心情就好舒暢
也很喜歡去海邊踏浪

https://megapx-assets.dcard.tw/images/86bf6f15-fc0b-4da4-bf55-c9b9303edd3f/orig.jpeg
https://megapx-assets.dcard.tw/videos/46c6388c-855c-4683-8838-7c6c79d7d201/orig",['喜歡海跟風的聲音'],75a726e6-d4e3-4902-a410-2430a39fffcb,mood,心情,F,True,3,"[{'id': '286f599c-f86a-4932-82f0-f5a06f1eca03', 'count': 3}]",15,1,2024-07-09T08:15:51.231Z,2024-07-09T16:02:53.576Z,冰星玥影,erad55661,0
256069075,公家機關跟民企請假流程不同引起的不滿,"以前在民間企業上班，直接跟主管告假就好，主管會自行安排，我也一直習以為常、觀念上就此定型

現在在公家機關工作，明明照著這種模式告假，主管當下也說好、沒反應什麼，今天就突然翻起舊帳的狂數落我的不是，說著：「我是你的誰，憑什麼要我幫你上系統請好假！」「你應該自己找好職務代理人、請對方幫你請好流程啊！」

哇咧！？
我明明事先告假了，不行就當場不准不就好了，現在是怎樣！
我事後自己補上系統送假單就好了，又沒違反機關三天要是先請！
我在民企學到的流程就這模式，你反擊你也民企出身別在騙，那關我啥事，聽不出我現在才曉得、我懂了會修正，還在繼續罵、叫我不爽可以離開別做，是怎樣！當主管是這樣當的嗎！

還有，只聽別人的一面之詞就怪罪到我身上，我反問、追根究底、直接爆料，主管才默默不語，說：那好，這個我再事後問對方。是怎樣，錯怪我是不用道歉的嗎！身為主管姿態那麼高，處事還不懂得做雙方說法的交叉比對，你這樣對嗎！

有夠無言的，開始琵琶別抱",[],75a726e6-d4e3-4902-a410-2430a39fffcb,mood,心情,F,False,0,[],4,4,2024-07-09T08:12:57.378Z,2024-07-09T08:12:57.378Z,,,2
256069045,好想談戀愛,"或許是一時的空虛和寂寞
看著身邊的朋友一個個結婚生子
心裡開始有點緊張起來
想想我也是即將要屆滿30的牡丹了

說實話我的條件不差：外表不錯、會彈吉他、跳舞、愛運動、維持身材、會化妝打扮

但不知怎的愛情運一直都不怎麼好🥲
要馬喜歡的人有別的對象、要馬追我的人我都沒有好感、好不容易有彼此有好感的，沒多久又不了了之了，真的無語問蒼天⋯⋯

算命的說我的性格要改、太強勢、會沒有好姻緣，可是我已經做出很多的嘗試了

以前太害羞對喜歡的男生不敢追求，現在我敢主動邀約見面了，以前追我的男生不喜歡的我都直接拒絕，現在只要稍微可以接受，我都不會再拒絕或排斥，以前總是不肯認錯讓步、現在怕別人不理我，我會主動道歉。

還是沒有一段有結果的戀情 🥲🥲🥲
我是什麼戀愛絕緣體到底，誰可以給點意見，要怎麼做才可以找到對的人？","['好想談戀愛', '感情', '愛情', '閒聊', '女生']",75a726e6-d4e3-4902-a410-2430a39fffcb,mood,心情,F,False,6,"[{'id': '286f599c-f86a-4932-82f0-f5a06f1eca03', 'count': 6}]",78,22,2024-07-09T08:08:47.619Z,2024-07-15T14:22:04.567Z,,,1
256068945,家庭中的毒瘤們可不可以自己去死,"家裡有思覺失調又沒病識感整天鬧情緒的毒瘤去死！家裡有喝酒賭博沒幹什麼好事只會幹壞事的毒瘤去死！家裡有吸毒偷錢沒工作又愛花錢買名牌的毒瘤去死！
你們這些社會毒瘤可不可自己去死一死","['閒聊', '時事', '壓力', '憂鬱症', '思覺失調']",75a726e6-d4e3-4902-a410-2430a39fffcb,mood,心情,F,False,4,"[{'id': '286f599c-f86a-4932-82f0-f5a06f1eca03', 'count': 4}]",2,2,2024-07-09T07:57:15.753Z,2024-07-09T07:57:15.753Z,銘傳大學,,2
256068931,遇到態度很差的(二房東)怎麼辦😭😭😭,"事情原由……

原本租的套房，因為要續約了，今年房東改不讓養寵物，找了很久，好不容易找了現在租的這個房間，有符合我們預算的又答應讓養小型犬的，所以馬上就心動了

當初詢問時，房東有說前一個租客租到30號，如果能無縫接軌在1號簽約的為優先，原本不讓看房，說要等前租客走才可以，但是前租客30號才要走，1號就要我們馬上簽約，如果不能先簽就會先租給其他要的人，後來前一個禮拜說對面有一間願意讓我們先去看環境，看完了覺得還可以，就先付訂金給她了

過幾天又傳訊息來，說合約只先簽3個月，再來剩下的要簽另一張，當下就覺得這個房東怪怪的，反正她開的條件只要不過分我們也都答應(畢竟養寵要租房不容易)再來就進行正式簽約，簽約當下又改口，還是簽一年，反正我也不太想一直找，所以一樣正常簽約給鑰匙

因為前租約可以住到10幾號，所以雖然合約簽1號我們則是6號才搬進去，來時對面已經開始住人了，當天在整理，剛好到牽租屋處的網路線時，發現……沒網路，房東說要自己請電信業者來看(才想到當初沒有仔細談到是否提供網路這塊，只好自己默默去問電信業者)，經過一整個下午，問完也都辦完合約回來了，才傳簡訊來說，網路幫我們用好了……在這之前是完全不溝通的

在他還沒告知之前，我們想說剛搬來要去跟對面房客打個招呼，順便問看看網路線跟平分電費的問題(當下沒注意到時間比較晚了，加上那棟房子太安靜了，所以敲門聲很大聲)，馬上就接到房東傳訊息來說，為什麼要去敲別人的門很沒禮貌(態度是有點惡劣的咄咄逼人)當下一直跟他道歉，真的是我們的疏失，不知道不能敲別人的房門，然後房東就情緒控管斷裂，霹靂啪啦一直唸，問我們要討論什麼、要溝通什麼、要打什麼招呼，然後我也是很理性跟她說，我們想說剛簽約有說要平分同一層的電費，想說單純跟對方詢問一下沒有惡意，她說搬來前不問清楚，為什麼搬來才要問，而且當初她(應該)有跟我們講，帳單來她可以幫忙付，我們再把錢給她，才說那應該是她對我誤解了，但是他還是一樣瘋狂傳訊息來

後來答應養寵的條約，也說如果住戶反應就不給養了，當天也因為這樣跟另一半吵到快分了，因為2人搬家夠累了，還被房東這樣惡劣的口氣疲勞轟炸，態度又很差，想到合約簽了一年，才第一天就遇到這種事……
隨時要抱著被趕出去的心情，加上另一半的不諒解，每天都過得膽戰心驚","['態度', '房東', '感情', '憂鬱症', '壓力']",75a726e6-d4e3-4902-a410-2430a39fffcb,mood,心情,F,False,0,[],0,0,2024-07-09T07:55:44.597Z,2024-07-09T07:55:44.597Z,,,1
256068898,如何化解朋友不揪的失落感,"跟打工的同事感情算不錯，上班都有說有笑的
前陣子看同事的限動發現他去新竹玩
於是隔天上班時就隨口跟他聊新竹的景點與美食
結果發現他是跟幾位我們彼此互相認識的同事一起去的，當下雖然有點小失落，畢竟當天我們都有休假，但還是有說有笑的說我們下次有休假可以一起約出遊

今天上班時意外聽到同事間的閒聊才知道他們昨晚又一同約去唱卡拉ok，頓時心中有一種莫名的失落感，雖然心中知道昨晚自己有班，他們不揪我也是非常正常的，而且會因為這種事而鬧脾氣也很幼稚又不成熟，但仔細回想自己以往跟朋友的約都是自己當主揪，幾乎沒有人主動揪我，會開始懷疑這些是不是都是自己的一廂情願，失落感也越來越大了

所以想上來抒發一下自己的情緒，也想了解大家有沒有類似的經驗，是如何化解或如何想開的呢？",[],75a726e6-d4e3-4902-a410-2430a39fffcb,mood,心情,M,False,3,"[{'id': '286f599c-f86a-4932-82f0-f5a06f1eca03', 'count': 3}]",0,0,2024-07-09T07:51:34.965Z,2024-07-09T07:51:34.965Z,,,1
256068887,低卡最近給我一種倒退三十年的感覺。。。,此篇文章為轉貼文章，請更新至最新版本觀看完整內容。,"['辦公室', '正妹', '閒聊', '同事', '顏值']",75a726e6-d4e3-4902-a410-2430a39fffcb,mood,心情,F,False,0,[],0,0,2024-07-09T07:50:43.656Z,2024-07-09T07:50:43.656Z,,,0
256068867,紀錄我在25歲 開始血透（洗腎）生活,"//更回覆大家留言⋯⋯
1.關於我在這之前是否有腎衰竭、腎病病徵出現，是有的，約在確診前兩、三個月大致有出現部分病徵，因狀況時好時壞，當時的我沒有在意也沒注意到嚴重性，對腎病、腎衰竭會出現的症狀及觀念也很陌生、不了解。
包含泡泡尿、下肢水腫、頭痛、食慾低下、吃什麼都會噁心想吐、有時身體撞到瘀血好得很慢、上樓及走路開始感到呼吸急促喘不過氣、身體莫名搔癢（當時朋友還開玩笑說我洗澡沒洗乾淨）⋯等等，我也在醫院看診及住院期間發現原來我有高血壓的問題，我以前沒有量血壓習慣，也不排除長期頭痛和腎病變是長期未控制血壓引起。

2.腹膜透析及瘻管血液透析，我有與醫生討論過並了解了兩者選擇的差異和對生活狀態影響的不同，我明白沒有好或不好的選擇，都會有它不同的考量，目前是考慮做自體瘻管，近期也在了解相關資訊。

3.主治醫生提及不排除罕病案例（aHUS)是確實有的，所以目前持續在追蹤，我在住院期間檢驗了包含免疫疾病、紅斑性狼瘡、血小板等指數皆在合理範圍，但在抽驗罕病基因檢測報告時，有發現我的血液有溶血性反應，意指我的紅血球無法維持正常供養量會不斷的自我因不明原因導致紅血球壽命縮短，及部分針對此疾病的指標有部分指數符合，現階段除了規律血液透析，醫生也積極的希望能爭取到藥物上的治療，因部分指標不夠明確，目前無法順利申請到藥物做使用。

但想和大家分享我其實生病以來也算幸運，
在就診發現腎病，避免了因毒素過高引起昏厥或休克送急診的情況，也遇到了對我的病情很關切的主治醫生和護理人員。我在這半年也經歷了因腎病高血壓無法控制、透析中的不平衡所引起的併發症，包含視網膜病變和耳神經受影響，這些在當時發生時，我感到人生很絕望很難接受這樣顛簸難行的過程，不過目前都緩緩的走到現在，併發症也有控制了下來持續有改善，我不確定我狀況會不會變好，但遇到了我想就試著勇敢面對吧！相信生命體驗自有安排，順勢而為、隨遇而安。

原本是想藉由分享有個窗口抒發自己低落的心情和許多無法招架的負面情緒，真心感謝每一位留言建議和關心的您們，給予我對病情建議上很大的幫助和溫暖，祝福大家平安健康。

如之後有機會再做後續分享更新☮️

———————————（以下為內文）

以下為我如何發現生病的經歷，希望大家生活工作忙碌之餘，別疏忽了身、心的健康。

無家族病史，規律運動，生活飲食上無不良嗜好，我一開始不清楚自己為什麼會生病。

我清晰記得以往經期規律的我，今年年初第一次發生經期異常，回想了近兩三個月身體很容易疲倦、食慾變差、時常頭痛，偶爾有噁心想吐的感覺，原以為可能是工作壓力或從小有的偏頭痛不以為然，直到經期血流不止伴隨大量血塊近兩週，我開始感到不對勁，在家附近醫院婦科就診，醫生當時初估判定為「子宮內膜增生」需內診手術止血，當天有做抽血，醫生很震驚的告訴我：「小姐，妳知道妳貧血很嚴重！臉色蒼白妳沒有感到不舒服嗎？」
正常指數大多為12～16，醫生當時和我敘述為低於10已算貧血了，我當時指數為6.5，我才意識到身體出狀況的嚴重性。
隨後醫生讓我輸血2袋血再回家休息等後天的內診手術。

當天手術前麻醉科醫生和婦科醫生提到覺得我血壓有點太高了，收縮壓170幾（舒張壓我忘了）血壓和腎功能抽血報告有部分異常，手術後讓我趕快去掛腎臟科了解看看原因。

手術後我接著加掛腎臟科門診，腎臟科醫生看了我的抽血報告，認為我有急性腎衰竭的可能，我的Bun（尿素氮）92肌酸酐好像是9.多，毒素很高，為確認數據無誤，當天又做了一次抽血檢查，報告出來指數依舊很高，建議我要緊急手術插管血液透析（洗腎），不然隔一天就要除夕，過年沒有醫生可做手術，也擔心身體有突發狀況，聽到診斷時腦子一片空白完全不知道怎麼思考，感覺是很嚴重的問題，很想哭。
有想過多看幾位醫生再做決定，但當時的情況剛好遇到年節，要看別的腎臟科也要等年後才有辦法看診，身體真的很不舒服，伴隨劇烈頭痛、想吐症狀，於是我隔一天決定放臨時的透析導管進行第一次血液透析。人生第一次手術要開刀真的好恐懼🥲

當時的醫生建議我要轉大醫院做切片較能查出病因，後來轉院到大醫院住院做其他詳細的檢查，又是另一治療的開始。

腎臟切片結果不樂觀，也抽驗了許多血液檢測，做了不同的治療、血漿置換，最後確診為慢性腎衰竭，主治醫生說不排除罕見疾病的案例，目前沒有明確診斷，需持續追蹤。

病因不明，有可能為基因突變誘發帶病因子，也可能為過往生病時免疫力低下時造成腎臟最先被攻擊引起。腎臟是無聲的器官，我在發現生病前完全沒感覺自己是腎臟出問題。

確診生病後的我時常反思和反省著沒有好好照顧和了解自己的身心，我也意識到以往當我不舒服時我會忍耐不想吃藥、不想看醫生，工作累了不懂得休息、熬夜，沒有什麼病識感，覺得應該不會有事，輕忽了傾聽自己身體的聲音和求救信號，偶爾的不舒服、頭痛、疲累，真的不能不以為意😢
也希望如有和我相似經歷的人，和你說聲你很勇敢，辛苦了，我也會好好加油的⋯。

目前都是用臨時管透析，近期準備要去做手部瘻管了，雖然醫生說是門診手術局部麻醉而已，但我真的好怕痛，希望可以一切順利。",['紀錄'],75a726e6-d4e3-4902-a410-2430a39fffcb,mood,心情,F,False,932,"[{'id': '286f599c-f86a-4932-82f0-f5a06f1eca03', 'count': 833}, {'id': '514c2569-fd53-4d9d-a415-bf0f88e7329f', 'count': 87}, {'id': '4b018f48-e184-445f-adf1-fc8e04ba09b9', 'count': 6}, {'id': '011ead16-9b83-4729-9fde-c588920c6c2d', 'count': 5}, {'id': 'e8e6bc5d-41b0-4129-b134-97507523d7ff', 'count': 1}]",169,72,2024-07-09T07:48:31.301Z,2024-07-18T07:47:14.487Z,,,2
256068865,家人要去做違法的事，阻止不了該怎麼辦🤬,"微更
因為大家都說我怎麼不去工作賺錢給他花就好，所以澄清一下。
我半年前辭職當全職考生，自己有存錢也有稍微投資，所以平常完全不會花到父母的錢，除了房貸沒幫忙付，其餘家用或是吃食都會出錢。離職不久後發現他們喊沒錢我就馬上找了一份兼職，也幫忙付了更多錢，所以沒有不幫忙的問題。
家裡沒錢的原因，主要是爸爸明明沒錢（現金、存款）卻還是會刷信用卡，據我所知爸爸每個月的收入付完房貸也夠兩人生活，但他並不會把他花的錢都跟我說，所以他喊沒錢的原因目前我也不知道，問他只會說就平常買東西啊！然後就沒有然後了。
這篇主要也不是要討論父母用錢的情況，找兼職是爸爸自己的意願，覺得錢不夠花想找點事做，所以才上來問問大家有沒有更好的辦法，僅此而已。
應該不會再更新了，部分的人好像只是想當鍵盤魔人，而不是給予可以參考的回覆，但還是謝謝大家花時間看完，特別感謝認真給想法和建議的人，祝大家工作順利，賺大錢！

喔對了，我是願意賺錢給他花，但我也有自己金錢上的規劃，不可能無止盡給他錢。一直問我怎麼不賺錢給他花的，你們以後大概就是想著要養兒防老的人，只會一直叫小孩給錢，你們未來的小孩蠻可憐的：）

———————————————————————
正文

這陣子因為家裡缺錢，爸爸想去找新的工作（退休後有兼職無底薪的業務工作，但不順利），原本說要去做機場接送，但因為面試發現工時太長，最後沒去。
前幾天突然看到白牌計程車在招人，就說想要去做看看，即便我跟家人強烈反對，他還是堅持要去做一個月，了解狀況再決定要不要繼續做。

以上，完全不明白違法的事情有什麼好了解看看，但不管怎麼講都還是執意要去，想上來請教各位帥哥美女有沒有遇過類似的狀況，有什麼辦法可以說服或是乾脆檢舉他（？），我真的快氣死
https://sticker-assets.dcard.tw/images/28811556-ef52-4b78-8ef1-ec36a527ddd9/orig.png
https://sticker-assets.dcard.tw/images/922ab47f-41f2-4584-914d-607589efc959/orig.png
雖然很抱歉，還是先不要叫我去檢舉他啦🙂‍↕️
我跟他說抓到就是罰10萬還是攔不住，但要是真的被罰10萬，已經烏煙瘴氣的家可能會爆炸。

遇過會叫白牌計程車的朋友，但別人我管不著，只是很不能接受一直以來當成榜樣的爸爸要去做違法的事情，實在是非常非常非常不爽，不知道要如何處理，今天聽到他開始去做真的快氣瘋凸^-^凸
https://sticker-assets.dcard.tw/images/1588fef2-494a-486d-98e1-1f9b3ef8281d/orig.png
https://sticker-assets.dcard.tw/images/3f8135cb-c935-4885-ac6d-dd6756cf7f82/orig.png","['家人', '違法', '心累了']",75a726e6-d4e3-4902-a410-2430a39fffcb,mood,心情,F,False,29,"[{'id': '286f599c-f86a-4932-82f0-f5a06f1eca03', 'count': 27}, {'id': 'e8e6bc5d-41b0-4129-b134-97507523d7ff', 'count': 1}, {'id': '4b018f48-e184-445f-adf1-fc8e04ba09b9', 'count': 1}]",72,28,2024-07-09T07:48:11.093Z,2024-07-10T11:54:34.528Z,,,0
256068772,#省200元吃飯分享,此篇文章為轉貼文章，請更新至最新版本觀看完整內容。,"['情報', '免費', '食記', '台北美食', '早餐']",75a726e6-d4e3-4902-a410-2430a39fffcb,mood,心情,F,False,0,[],0,0,2024-07-09T07:37:12.826Z,2024-07-09T07:37:12.826Z,,,0
256068748,心裡空空的感覺,"不知道大家有沒有時常感覺到心靈空空的感覺？
最近閒下來又開始有那種說不出來的空空感
也開始不想出門
覺得好像做什麼到頭來都是一場空、白費力氣
出門跟人聚餐、聊天、約會
大家都有自己的另一半
要不然就是有自己的麻吉
覺得自己都不屬於任何一掛
超沒有歸屬感和安全感
想找到屬於自己的歸屬，但不知道要如何做
https://sticker-assets.dcard.tw/images/a0186c29-eae4-4799-ab4d-d60f5b7c957f/orig.png","['心裡', '閒聊', '女生', '心事', '難過']",75a726e6-d4e3-4902-a410-2430a39fffcb,mood,心情,F,False,4,"[{'id': '286f599c-f86a-4932-82f0-f5a06f1eca03', 'count': 4}]",19,10,2024-07-09T07:34:10.262Z,2024-07-09T07:34:10.262Z,,,1
256068642,#急問 勸離還是勸和,"如果你朋友老公外遇，你們會勸和還是勸離呢？

（文有點長 慎入）

這對夫妻跟我和我先生 我們四個認識好幾年了 
以前常常一起打牌 打球 出去玩

然後小三我也知道是誰  （小三家境不錯 工作能力也不錯）

之前男方工作上的飯局有找我先生去 當時我也一起去 席間我看著小三看男方的表情 我就猜這女生喜歡他 當時我有問男方 他跟我說他有明確告知小三他結婚了 不過他們工作上需要往來 也不能讓關係太難堪
所以我當時也沒多想 覺得有說清楚就行 

後來又有一次在我跟我先生在公園散步 我先生說等等要跟男方去健身 在等男方來接他 結果還沒等到男方 小三就出現了 說她也要一起去健身 
我就覺得很不妥 滿臉問號 我就問我先生 男方老婆知道他們一起健身嗎 我先生表示他們有說好工作上的社交不要干涉 我覺得一起健身超過社交範圍了 但他們都沒說什麼 我立場也不能干涉什麼 我也怕我多事去問女生（男方老婆）引起麻煩

唉 結果他真的就出軌了 一直信誓旦旦的說不會 已拒絕 有保持距離 結果還是萌生感情了⋯⋯

小三知三當三 還說希望男生快樂就好 意思是不離婚也沒關係 她可以繼續當三

正宮也是希望男方快樂 把選擇權給他

男方覺得自己愛上小三了 但又放不下正宮 畢竟在一起七年了 他現在也選擇不出來 拖著

身為正宮朋友 我實在不知道到底該勸分還是勸和⋯⋯ 正宮說晚上再跟我聊聊 ⋯ 我不知道我該說什麼才好⋯⋯因為我聽我先生說正宮把選擇權給男方 感覺就是她不想離婚 我如果勸離了 他們後來沒離 會不會他們雙方覺得我想他們離婚 然後影響我們之間的友情⋯⋯⋯⋯⋯

如果是你們朋友遇到這種事 你們會怎麼做
https://sticker-assets.dcard.tw/images/05c2c9f2-5310-43e1-979c-08f57ad0d7dc/orig.png","['愛情', '感情', '外遇']",75a726e6-d4e3-4902-a410-2430a39fffcb,mood,心情,F,False,5,"[{'id': '286f599c-f86a-4932-82f0-f5a06f1eca03', 'count': 5}]",20,19,2024-07-09T07:21:03.303Z,2024-07-09T12:48:53.106Z,,,0
256068589,小心感觸着、表演不在乎、撕扯著孤獨,"上週五去看妳還有拍下照片
結果週六上班途中手機掉了
還好以前有設定位才能昨晚拿回手機
嚇死差點這十幾年的照片資料都沒了
不過前幾天就沒辦法上這看看 

不論是解釋或澄清
妳對我應該就這樣了
這無效的對話方式讓妳開心滿意就好
我們應該沒機會能就事論事好好聊聊開
妳給我們的結局也早已決定到這 

別再說我有對象了
一個人真的很孤單
但我不想再由對方決定結局和自己的將來
現在就是上班下班
麻醉的敷衍自己一點都不孤單
繼續測試人類平均壽命的議題
笑死！我成功因它戒菸3週了…
沒事，運氣還不錯有看到妳…
https://youtu.be/9ocNhfaAgCc?si=d4TvfHkgZihBtVkQ","['生活', '心事', '人生', '感情', '愛情']",75a726e6-d4e3-4902-a410-2430a39fffcb,mood,心情,M,True,0,[],0,0,2024-07-09T07:15:02.301Z,2024-07-09T07:15:02.301Z,最後的陪伴,e55amg,0
256068539,因為男友 開始學習克服蟑螂,"我跟男友都會怕蟑螂 只是程度不一樣
我是鄉下出生 
家前有水溝 後有農田
蟑螂從小看到大  
敢拿拖鞋打 但不敢擦起來 
而男友出生大都市 
家住公寓 家裡很整潔 東西少 蟲子出沒最多頂多是拼仔那種等級的果蠅

所以 他很怕蟑螂 連拿拖鞋打都不敢
每次殺蟲劑噴 蟑螂還沒噴到 他自己就先彈飛好遠

看他這樣我只能先讓自己克服對蟑螂的恐懼
我知道克服恐懼就是面對恐懼
從拿衛生紙擦開始
一開始的一疊衛生紙等級
變成兩張衛生紙即可
到現在可以隔著塑膠袋捏死

期待有一天可以練就徒手抓蟑螂","['蟑螂', '感情']",75a726e6-d4e3-4902-a410-2430a39fffcb,mood,心情,F,False,0,[],1,1,2024-07-09T07:08:53.258Z,2024-07-12T05:11:49.054Z,,,0
256068491,最近真多盜帳號的…,"心很累

最近先是Ig被盜要借錢

Fb被盜

再來google帳號莫名有人要登入
https://megapx-assets.dcard.tw/images/402c98f0-e09c-4600-a7fd-2a7d82468585/orig.jpeg



https://megapx-assets.dcard.tw/images/7db4fee8-6247-4512-aec7-3b82564d2849/orig.jpeg

再來不會用的Microsoft 從6月初一直有人要登入
https://megapx-assets.dcard.tw/images/ea961008-600a-469a-9cab-746325d35036/orig.jpeg
https://megapx-assets.dcard.tw/images/00eec77f-ff7b-4605-9053-01d3cf7de27b/orig.jpeg
https://megapx-assets.dcard.tw/images/b033cce1-2a65-4189-a736-0f37dbbe4c82/orig.jpeg
https://megapx-assets.dcard.tw/images/5575b15e-0e1f-41f1-a2ca-6b14d70515aa/orig.jpeg
https://megapx-assets.dcard.tw/images/e39d7c3a-b403-4e0e-b3eb-06ae9e91ef6b/orig.jpeg

不曉得有沒有人跟我遇到相同的問題

突然覺得雙重認證真的真的非常重要

雖然很麻煩 但至少安全多了","['帳號', '心事', '心累了', '詐騙', '焦慮']",75a726e6-d4e3-4902-a410-2430a39fffcb,mood,心情,F,True,0,[],2,1,2024-07-09T07:03:14.299Z,2024-07-09T07:03:14.299Z,tenshii,tenshii,0
256068486,坐月子,"坐月子
每次聽到朋友生產了，在坐月子
每個人的月子餐都好豐富，我都會羨慕

我個人是前婆婆幫我坐月子的
她說我前夫都沒拿錢給他
然後，雖然我是一天吃五頓餐，但是餐餐都只有一碗麻油腰子
我還因為這樣
坐月子沒吃飽，還半夜跑去7-11買麵包牛奶，怕回家吃被發現垃圾
我坐在7-11裡面吃完。
你說我前老公在幹嘛，他根本不管我坐月子吃什麼",['坐月子'],75a726e6-d4e3-4902-a410-2430a39fffcb,mood,心情,F,False,0,[],0,0,2024-07-09T07:02:41.071Z,2024-07-09T07:09:22.404Z,,,0
256068483,近期,"小弟最近在找打工，上週也去早餐店做了一週，最後被辭退，我也覺得我有一部分的問題，比如效率不高。

雖然我之前也有一些餐飲的經驗，但也不是每間店的東西擺放位子相同或是工作內容相同，也需要時間適應，店裡的前輩也是多少有點懶，把事情全部交給我做，我也知道這很正常，畢竟這就是老鳥對菜鳥的態度，但對於一個剛上手還不太熟悉要在三四天內完全熟悉或是輕車熟路的完成每一件工作內容，多少有點困難。

當然小弟我也知道可能真的有這種人才在，而且因為是早餐店，我能夠熟悉物品位子的時間也不夠，一直在出單，頗為繁忙，閒暇之餘還要同時進行3～4件事，而且店裡每天大概都有5～6人，而我一個人做兩個人的事。

再者是我面試的店家離家也不是很遠，騎車10分鐘這樣，然後老闆在上班的前一天跟我說去另外一間店上班，離家騎車大概20幾分鐘這樣，早餐店本來上班就早，我想說算了也不想繼續找打工就答應了下來，每天睡到4.多起床，趕去上班。

被辭退後，我簡單想了一下原因，好像也就是我不適應快節奏這樣，還有店裡工作內容分配不均的問題。我也馬上又找了一份打工，但我想說先休息一週下週再去，家裡人就覺得上一份工是因為我態度不行被辭退，我是真的覺得頗怪，難道長輩認為被辭退都會往態度不佳那邊想嗎？可能是我真的不適應快節奏亦或是製作餐點的sop沒有按店裡的來製作（沒按sop是為了加緊出單，因為單真的很多🥲）。

家裡的長輩認為為何都找到了班還不去上這樣，可能我知道他們現在就覺得我應該自己找事做，白天不想看到我在家無所事事。但出乎我意料的是，我原以為他們會覺得我對這塊頗為積極，因為小弟我從被辭退後就開始找打工，結果偏偏是他們覺得我不應該在家裡閒，應該在外面打工，也不應該休息，認為找到了就趕緊去上班啊，我上週是沒怎麼睡飽，因為其實4.多起床真的很困難😮‍💨

反正最近的事情就頗多，而且很煩（沒有要討拍，抱怨而已，不喜勿噴拜託了各位大哥大姐）
https://sticker-assets.dcard.tw/images/05c2c9f2-5310-43e1-979c-08f57ad0d7dc/orig.png","['打工心得', '心情']",75a726e6-d4e3-4902-a410-2430a39fffcb,mood,心情,M,False,0,[],2,1,2024-07-09T07:02:01.959Z,2024-07-09T07:02:01.959Z,,,1
256068440,衰事連發,"晚上先塵蟎過敏，一躺床就癢，只好趴桌子睡
早上要去健檢結果把錢包證件反鎖在家裡
請了鎖匠，他也打不開
想說用押金先健檢，但沒證件不能辦初診
晚上回來檢視因為忙沒空仔細觀察的租屋處，發現冷氣太髒
房東卻要我自己負擔清冷氣的幾千塊...
好想哭",[],75a726e6-d4e3-4902-a410-2430a39fffcb,mood,心情,F,False,0,[],0,0,2024-07-09T06:56:21.069Z,2024-07-09T14:56:19.554Z,,,0
256068415,增加自我認知,"我容易搞不清楚狀況，有時候容易自卑
跟其他人講話時，講話會卡（不知道是不是因為自卑跟對自己不了解導致的）
有什麼方法可以對自己可以怎麼做更認識？
或是對自己更認識？
或是我要怎麼跟別人聊天更流暢，然後容易交朋友？","['自我', '認知', '提升', '關係', '朋友']",75a726e6-d4e3-4902-a410-2430a39fffcb,mood,心情,M,False,0,[],1,1,2024-07-09T06:52:49.283Z,2024-07-09T06:52:49.283Z,,,2
256068369,我覺得自己快撐不下去了,"文會有點長
如果排版很亂請見諒真的不好意思
現在負能量超級爆炸
我爸從我小時候有印象以來脾氣就超級無敵差
常跟我媽吵架亂摔東西，但沒事的時候就跟啞巴一樣你跟他講話他也不會理你，他很兇一直覺得自己就是一家之主，標準的客家大男人主義。
我爸一直有賭博的習慣，以前我跟我姐小時候各有一個大奶瓶的存錢筒（拿來放壓歲錢之類的）我爸就會去拿裡面的錢出去玩（如果有贏錢就會把錢還回來）。
後來我們到要升小學的時候我爸變得很努力上班，每個月大概賺7-8萬左右但還是會跑出去賭博（可是他從來沒有賭到傾家盪產或是欠大債）。
但他上班很認真也賺不少+我媽也在賺錢，我們家那時候是過著吃飽喝足固定暑假會出去度假的生活
可是也沒有到很富裕的那種情況。
後來我爸在我國一時出了一個很嚴重的車禍
被無照的高中生撞上 當時我爸覺得只有破皮而已就拿了現金500跟人和解
隔天我爸的腳整個腫到爆完全沒辦法走路 馬上去掛急診（我爸年輕時出過車禍 左腿有好幾隻鋼釘，原本是要截肢的但最後有救回來）
去檢查發現鋼釘全部撞歪要動手術換關節
我爸逼不得已只能退休 因為他的腳讓他沒辦法行走活動
我媽媽是在工廠領最低薪資的工作，頓時沒了經濟支柱我跟姊姊14歲就出去打工賺外快
自從我爸退休之後他的脾氣就越來越嚴重
嚴重到我們兩個小孩18歲就搬出去不敢回家住（例如喝醉發脾氣摔我們養的倉鼠或家裡茶具）
我媽是大陸新娘，在這裡沒朋友沒親戚
當初嫁來才發現我爸會抽煙喝酒賭博，姑姑在我媽懷孕的時候勸我媽媽趕快逃回大陸，但我媽不願意還硬是生下我跟姊姊（聽我媽說當時去我爸親戚那邊一直被數落我爸沒錢還敢生小孩）
他們相差11歲 我媽過的很不幸福但他也不敢離婚
我媽一直說不想讓女兒結婚沒有爸爸單親很可憐
但我媽卻沒想 這個家庭毒瘤才是我們不敢結婚的原因
我爸會一直在家裡罵我媽是共產黨的共匪 什麼難聽話都講的出來 只要我媽一餐沒煮給他吃 他就會一直詛咒我媽 然後說自己很後悔結婚、大陸新娘會乖都是騙人的…..諸如此類的難聽話
我姐從18歲搬出去之後就再也沒回家
還得憂鬱症晚上會夢到我爸咒罵我們的樣子
更可怕的是我爸跟叔叔是雙胞胎 脾氣一樣長得一樣聲音也一樣（我大伯也是這種類型 三個兄弟沒有本事卻整天在家咒罵妻小）
簡言之就是
我媽：膽小沒本事離開又一直私底下跟我們小孩子講我爸壞話
我爸：標準客家大男人在家狂數落妻小，從不覺得自己有問題
然後我爸現在跑去當大樓管理員賺錢，因為他把退休金玩光了，他以為我們不知道，回到家就一直抱怨自己很可憐退休還要出去上班
剛剛我在客廳滑手機
我爸又開始罵了 我覺得我自己也快生病了
回來這個家只有負能量
/
我上來抒發是因為
我沒辦法跟男友說這些
我男友家庭關係很好，生長環境也很優渥
就算說了也沒有用 只是更加證明我們之間的差距
我常常半夜憂鬱覺得為什麼是我出生在這個家
投胎到哪裡也不是我們能決定的
為什麼沒有能力還要生小孩
讓小孩跟著一起痛苦
我真的好悲傷","['閒聊', '生活', '心事', '家人', '壓力']",75a726e6-d4e3-4902-a410-2430a39fffcb,mood,心情,F,False,0,[],4,1,2024-07-09T06:46:07.634Z,2024-07-09T06:46:07.634Z,,,2
256068365,尋人啟事,"尋找在柴犬上一個叫做Ha的男生
頭貼看起來有戴眼鏡👓
工程師 桃園新竹通勤上班
家裡有養一隻吃得很好的狗😂
大概是5.6月時聊的
我很喜歡一直玩問答🤣
還有推薦你去全聯買海太pollapo葡萄冰、桂格的莓果飲

有緣的話想再跟你聊天😄
https://sticker-assets.dcard.tw/images/5ca072d3-55d0-434a-9059-f58c4028c8e2/orig.png","['新竹', '工程師', '感情', '交友軟體', '柴犬']",75a726e6-d4e3-4902-a410-2430a39fffcb,mood,心情,F,False,5,"[{'id': '286f599c-f86a-4932-82f0-f5a06f1eca03', 'count': 5}]",0,0,2024-07-09T06:45:42.418Z,2024-07-11T13:55:18.097Z,國立彰化師範大學,,0
256068333,竹北虐童,"前陣子去髮廊遇到一個男髮型師，一直覺得很眼熟，今天突然想起來好像是誰，翻文爬留言才發現就是虐童的啊==，給他服務到也太倒霉，還一直推銷，到底什麼水準的公司才會讓這種人回鍋…以為大家都失憶了嗎？不會再去，因為再看一次還是拳頭很硬⬇️

https://www.facebook.com/share/v/1CHPJ4zZPz5fMd7x/?mibextid=WC7FNe","['竹北', '虐童', '新竹', '閒聊']",75a726e6-d4e3-4902-a410-2430a39fffcb,mood,心情,F,False,4,"[{'id': '286f599c-f86a-4932-82f0-f5a06f1eca03', 'count': 3}, {'id': '514c2569-fd53-4d9d-a415-bf0f88e7329f', 'count': 1}]",0,0,2024-07-09T06:41:12.257Z,2024-07-09T06:41:12.257Z,,,0
256068246,女生國考比較早上榜是性別優勢,"有什麼好不承認的？

居然有人對我羞辱，說是我不會讀書…
或是說律師沒面試，性別不影響


希望各位有良好的閱讀能力
這是102年的數據
當時男性當兵需要一年 
男生晚女生三年考上
https://megapx-assets.dcard.tw/images/af08ad4e-01e3-4d88-9b7d-896c56f0617c/orig.jpeg

找不到現在當兵四個月對律師上榜男女平均年齡的影響

但用高普考的資料
也可以觀察同樣的現象

https://megapx-assets.dcard.tw/images/730a6f7a-8bcc-4c41-97f8-bcb929ea1ef4/orig.jpeg

參考資料
https://www.exam.gov.tw/NHRF/News_EpaperContent.aspx?n=3778&s=42917&type=20C1A3DAF6A74FCE
 
https://wwwc.moex.gov.tw/main/content/wHandMenuFile.ashx?file_id=970",[],75a726e6-d4e3-4902-a410-2430a39fffcb,mood,心情,M,False,14,"[{'id': '286f599c-f86a-4932-82f0-f5a06f1eca03', 'count': 12}, {'id': 'e8e6bc5d-41b0-4129-b134-97507523d7ff', 'count': 2}]",41,15,2024-07-09T06:28:23.754Z,2024-07-11T07:13:03.421Z,,,0
256068136,白蘭氏的客服好煩😫,之前在白蘭氏官網買過產品，從六月底開始一直接到客服推銷產品的電話，有時候忙沒接到電話，會打好幾通；留時間給她講又不講清楚到底折扣多少？價格多少？只會一直顧左右而言他強調官網沒有這麼優惠的現金折扣！到底是覺得消費者很好騙還是認為別人很閒？觀感真的很差，很想投訴，未來應該不會再消費了……,"['白蘭氏', '客服', '好煩']",75a726e6-d4e3-4902-a410-2430a39fffcb,mood,心情,F,False,0,[],1,1,2024-07-09T06:11:55.270Z,2024-07-09T06:11:55.270Z,,,0
256068132,開麵店與合夥人意見不合,"我們開的麵店 屬於平民小吃 
屬於一碗利潤約 30-40（只有扣除食材成本）
還沒扣除人力、水電、雜項


在南部熱鬧的街道 
附近未整理破舊約15000左右
有整理黃金店面 約4～6萬左右 
但其實我們賣的產品比較沒有多樣化
賣出一樣利潤也沒有很高

我理想15000～25000最合理
不需要太大店面  （內用5～6桌位左右）
但合夥人覺得就是要大 ！
要租40000的（還要重新大整理）

我跟他說 的確他選看的空間很大
但我們不是酒吧/網美風/快炒等等
（可以讓人座很久）
就只是很簡單化的東西+炒青菜
真的不需要很浮誇的空間
吃一碗約15-30分鐘 


有人開過餐飲業
給初學者意見嗎 
還沒簽約 ，還在找房子中 
還在跟合夥人 討論彼此能共識","['工作', '閒聊', '心事', '時事', '焦慮']",75a726e6-d4e3-4902-a410-2430a39fffcb,mood,心情,F,False,1,"[{'id': 'e8e6bc5d-41b0-4129-b134-97507523d7ff', 'count': 1}]",8,6,2024-07-09T06:11:37.069Z,2024-07-09T06:11:37.069Z,,,0
256068127,社會人怎麼認識高中生男友,/_\,"['社會', '高中生']",75a726e6-d4e3-4902-a410-2430a39fffcb,mood,心情,F,False,0,[],1,1,2024-07-09T06:11:13.901Z,2024-07-09T06:11:13.901Z,,,0
256068096,栩的癌母日誌 32 ： 確診危機,"會希望寫日誌一部分是記錄自己在這個階段，身為癌症家屬的心路歷程；一部分也希望讓身為癌症患者或癌症家屬的閱覽者，覺得自己不孤單，很多的情緒與辛苦，我們彼此都懂、都懂。 

自由書寫於 7/9

外婆來了，因為參與親戚婚禮的緣故，來了。

母親在外婆面前，是更無法暫停的。看著化療中的阿美從早餐的準備，到食材購買，到午餐的構思，然後擔心外婆在家無趣，帶著外婆去戶外走走。我是無法阻止阿美的，即使我看著他拖著疲累的身體極為需要休息。對阿美的耳提面命在他與外婆同時存在的場域裡，是太過煩人的關心。

外婆是一位傳統婦女，生了許多女兒只為求子。而阿美是家族裡的大姐，在十五歲時便出外工作賺錢活口只為替母親給家裡一份交代，好讓家裡的生計能夠支撐傳宗接代。但在阿美渡過那段為了打工的苦日子後，往後的生活便要時不時接通滿是抱怨兒子的外婆打來的電話。在電話另一端，我不知道阿美有沒有曾經渴望他的母親能夠有一句是關心他的話語。阿美可能覺得那是奢侈，所以他停不下來，停下來的時候可能就會消失了。害怕在他母親的眼裡消失，所以他存在著。我不知道阿美是不是這樣想的，但我好幾次想要表達，他即使停下來還是會被愛的時候，那些話都被阿美認為是多餘。我想，連我自己都無法暫停我自己，怎麼有資格說服阿美？

外婆來的第一天，我是從小一的妹妹口裡得知外婆有些感冒，我請外婆和阿美還是戴著口罩，吃飯時也避開比較好一些。但那樣的畫面在大家眼裡，可能不是那麼和諧，甚至阿美覺得這太弔詭，怎麼能請自己的母親隔開吃飯。所以他們索性放飛，彷彿想通了什麼，這一切只是老人咳，不會有什麼意外的。但依舊沒有從外婆的口中聽到他自己不舒服，害怕會傳染給阿美的訊息，可能外婆在來之前已經先說服好自己了。

外婆口中還是時不時他兒子的怨懟，但他滿腦子還是他兒子，即使阿美已經在他面前。我在這裡活像是拆散母女的不孝孫，我還是堅決要他們戴著口罩，但他們只覺得我煩，真的煩，連我都覺得自己煩了。今日一早，外婆確診了，確診當下我在考試。我在準備進面試考場前手抖著撥通醫院號碼幫阿美緊急掛號回診。我面對個管師的口氣有點急躁，甚至有些氣憤。這時候外婆在哪？他有覺得他自己愛自己的女兒嗎？我不太清楚。但我滿腦子都是在他面前發飆的畫面，我不曉得要多自私，才有辦法在女兒化療期間，做到這樣的地步。我想那是價值觀差異吧，我想是我該說服自己吧？

阿美可能也會覺得我的氣憤很莫名吧。但他是我媽。","['乳癌', '癌症', '母親', '化療', '癌症家屬']",75a726e6-d4e3-4902-a410-2430a39fffcb,mood,心情,M,True,4,"[{'id': '286f599c-f86a-4932-82f0-f5a06f1eca03', 'count': 4}]",5,3,2024-07-09T06:06:59.092Z,2024-07-09T06:06:59.092Z,栩,freewriting_xu,1
256068095,吃火鍋吃到人生第一次emo,"一直以來，每當身邊的人說他/她們在emo，常常都會不了解到底是怎麼回事

直到我終於親自體驗到了

故事是這樣的

這週末的時候，我開開心心的跟家人回去找我外公外婆，並且請他們吃火鍋

吃火鍋的時候，我最期待的一件事情，那便是...

⚠️⚠️⚠️ 注意！以下內容可能會引起稍微的不適 ⚠️⚠️⚠️ 

把芋頭丟進火鍋裡煮的很爛很爛才吃

這天的我，一如往常的在開鍋的時候就把火鍋料都會附的芋頭給丟了進去

結果，在我把菜、肉都吃完了之後，芋頭怎麼不見了！？該不會是煮了太久，就融化掉了吧？

https://sticker-assets.dcard.tw/images/fc61130b-981e-435c-8cb5-ff7f0e0bbf4a/full.png
可能是當天晚上也比較累，不知為何，我從心底湧現出了一股深深的，悲情感

一直以來，我身邊的朋友、室友，大多都是不吃芋頭，就是不喜歡吃芋頭

會吃的，也較多都是只吃甜的不吃鹹的，跟我一樣火鍋喜歡煮芋頭的，更是跟我的號碼一樣，0個人

於是，我終於在感情上面也不是處了，我達成了人生第一次的emo

明明就只是一小塊芋頭，但是為何情緒會如此的被放大呢？

這股吃火鍋沒吃到芋頭的空虛感，逐漸的湧上我心頭、吞噬著我

我十分的無助，內心在哭泣著，芋頭啊芋頭，你到底跑去哪裡了
https://sticker-assets.dcard.tw/images/c76494fe-f620-42bc-ab01-af33ae7ccd49/orig.png
我的心在淌血，跟我一樣喜歡吃芋頭的人，都一定知道煮的桑桑的芋頭，是多麽的好吃

而此時，正當我覺得孤立無援的時候，我的天外救星，我的妹妹，獻出了她的芋頭給我

歐歐歐歐歐歐！

懷抱著感激且無比振奮的心情，我把這一塊芋頭放到我的火鍋裡面，用心的熬煮，終於煮出了我心心念念的爛芋頭

https://megapx-assets.dcard.tw/images/a14f33f8-b1dd-4bb6-bd4d-defd1ae74201/orig.png

在咬下去第一口之後，頓時之間，emo的情緒煙消雲散

感謝芋頭、感謝妹妹，我這輩子不想要再emo一次拉～

https://sticker-assets.dcard.tw/images/b44af092-1580-41c5-b76c-1c0f788095c3/full.png

火鍋之旅總算也圓滿的落幕，外公外婆也吃得開心
https://megapx-assets.dcard.tw/images/fa1b3a42-d774-429f-aaca-e55d14373b5c/orig.png

如果還不知道我神仙妹妹的，可以看這邊：

https://www.dcard.tw/f/funny/p/240992610

https://www.dcard.tw/f/mood/p/253231445","['人生', '想吃', '火鍋', '芋頭', 'emo']",75a726e6-d4e3-4902-a410-2430a39fffcb,mood,心情,M,True,103,"[{'id': '286f599c-f86a-4932-82f0-f5a06f1eca03', 'count': 100}, {'id': 'e8e6bc5d-41b0-4129-b134-97507523d7ff', 'count': 3}]",28,18,2024-07-09T06:06:52.629Z,2024-07-16T00:20:31.139Z,什錦雜貨鋪,stantheman,0
256068073,加班莫名被熊貓這廣告弄到有笑,"昨天加班到9點多還沒吃飯餓個半死
因為習慣帶便當
還在想到家要煮飯、洗碗
真心覺得很疲憊很煩
結果等紅燈的時候看到...
直接笑出來

有一瞬間覺得他們在嘲諷我
但又找不到反駁這建議的點莫名覺得好笑
到底是哪個天才想到在這放這看板拉
是不是知道這附近一堆社畜

9m88真的是笑得我心裡發寒
害我一個被激到打開熊貓點晚餐…
附上我被激到的看板照片🙂
https://i.imgur.com/wZLS7fh.jpeg",[],75a726e6-d4e3-4902-a410-2430a39fffcb,mood,心情,F,False,31,"[{'id': '286f599c-f86a-4932-82f0-f5a06f1eca03', 'count': 31}]",6,6,2024-07-09T06:04:12.477Z,2024-07-09T06:04:12.477Z,淡江大學,,1
256068057,友情中比較成績,我想問各位 不管4個人 6個人友情 會一直比較成績嗎？ 我的成績在裡面算是比較差的 每次其他人都一直逼問成績 不理想就會說 要讀書 要讀書 不要都不讀 問題是我有讀啊 但成績還不是一落千丈 所以現在我的很討厭他們問成績 會覺得很自卑 而且為什麼都要這樣比較成績 覺得沒有意義 大家的能力都不同 有的好有的壞 他們考得好就會一直說 就你不及格而已 認真一點 聽了真的覺得很煩 我該怎麼辦？,"['友情', '成績']",75a726e6-d4e3-4902-a410-2430a39fffcb,mood,心情,F,False,0,[],1,1,2024-07-09T06:01:44.286Z,2024-07-09T06:01:44.286Z,,,1
256068015,出社會一段時間後想回去讀書，需要建議,"如題 國中高中遭受霸凌心理出現問題
高中到後半段直接開始擺爛沒有畢業 只有歷年成績單
當時一樣有考學測跟指考 有分發入學只是沒有去註冊
選擇直接開始工作做餐飲業正職
但疫情爆發後頻繁的換工作 檔期 活動 展覽 銷售都做過 沒有穩定的收入
感覺自己沒有一技之長也沒有學到什麼東西 也因為個性問題沒有累積人脈
最近開始嚴重內耗在思考活著的意義
沒有興趣 沒有專長 沒有存款 沒有朋友
想要找到一個目標讓自己活著

目前24歲
想要改變 但不知道從何做起
覺得應該要逼迫自己去學習新東西 跟人有交流 尋找自己的興趣
才想到要回去讀大學 但真的已經脫離學生時期太久
目前查到的資訊就是走學測分科考日間部 或是讀進修部
但考試範圍內容基本上已經忘光了 想請問我應該是需要去報全科班 還是先拿講義自己讀看看？
還是要去重考班？
另外用歷年成績單可以入學大學嗎？還是要去考高中同等學力鑑定考試？

有沒有過來人可以給點建議🫠",[],75a726e6-d4e3-4902-a410-2430a39fffcb,mood,心情,F,False,1,"[{'id': '286f599c-f86a-4932-82f0-f5a06f1eca03', 'count': 1}]",2,2,2024-07-09T05:55:41.095Z,2024-07-09T05:55:41.095Z,,,2
256067959,特殊化是女性的不利（論述在內文）,"“我們追求的不是特權而是發自內心的同等權利”

看到板上最近在討論女性健身房、捷運上的女性車廂等等
可以理解設立的目的是保護到女性安全or心裡舒適度（讀過女校的我完全理解全女環境的自在 安全感和主體性），這種設施當然讓人感到放鬆，可這種保護真的合理嗎？
佔總人口一半的群體，為什麼要設置一個特殊的分組，讓自己困在社會的小角落？這相當於把原有空間讓渡給男性 而我們畫地為牢自己縮成一團

女性優先/專屬的設施看似享受到了優待，但這是否剝奪了在正常設施裡女性的權利？
ex.「你都來大眾健身房了還怕被騷擾？你應該去女性健身房」
如果要規避危險，那圈禁的應該是加害者，不是受害者

只有弱者、少數群體和第二性才會被要求單獨分開，。 老弱病殘孕是客觀存在的不便，給予傾向照顧十分合理，但想像一下當初美國社會是如何將黑人分開的 黑人在黑人環境當然更感到自在，可這平等嗎？

社會給予女性太多表面上的特殊情況了
活在台灣社會，我能感覺到對女性的一種奇怪的保護
他在告訴女人  你可以弱一點、你可以單純 善良 平和一點，你的生活永遠有一條底線，你不要和男性那樣彼此野蠻的廝殺，不，那是潑婦、那是閣樓上的瘋女人，你不需要那麼強勢有攻擊力和競爭力，會有人保護你。
但真正出事時，大眾又會跳過這些前提，指責果然女人是弱者  天生的弱勢。

因為環境不夠友善，所以要為女性設立特別區域的思想是否是平權社會的一條岔路？

太奇怪了，女要防男，怎麼不是隔離男性呢

理性討論！

Option #1: 特殊化是現階段的最優解，還是很多社會問題
Option #2: 特殊化會阻礙女性群體的進步","['女性主義', '閒聊']",75a726e6-d4e3-4902-a410-2430a39fffcb,mood,心情,F,False,7,"[{'id': '286f599c-f86a-4932-82f0-f5a06f1eca03', 'count': 6}, {'id': 'e8e6bc5d-41b0-4129-b134-97507523d7ff', 'count': 1}]",46,18,2024-07-09T05:46:46.464Z,2024-07-10T13:27:48.235Z,,,1
256067923,抽獎是真的嗎,"手欠按了想抽獎 結果被通知說中獎了
花2000 塊買任一個東西 就有機會抽中 而且沒有空獎？
是真的嗎


https://megapx-assets.dcard.tw/images/bb799554-1373-423f-8f10-efa6c2a780fd/orig.jpeg
https://megapx-assets.dcard.tw/images/87dbb92e-49eb-4db5-bfe7-ae773faaa261/orig.jpeg
https://megapx-assets.dcard.tw/images/4f1c2734-7002-43c9-9013-a6f51b6b3be4/orig.jpeg
https://megapx-assets.dcard.tw/images/b8d82ebd-0b1e-499b-9f5c-67a6fac41760/orig.jpeg
https://megapx-assets.dcard.tw/images/6b3cbe24-551c-4b6c-81f4-0c6087472c0c/orig.jpeg","['抽獎', '抽獎活動', '獎品']",75a726e6-d4e3-4902-a410-2430a39fffcb,mood,心情,F,False,0,[],4,2,2024-07-09T05:42:21.064Z,2024-07-09T05:42:21.064Z,,,0
256067895,跟朋友還有朋友的男朋友還有他男朋友的朋友去唱歌,這個可以算是個什麼樣的局？,"['朋友', '閒聊']",75a726e6-d4e3-4902-a410-2430a39fffcb,mood,心情,M,False,0,[],0,0,2024-07-09T05:38:47.889Z,2024-07-09T05:39:49.666Z,,,0
256067879,討厭煙味,"如題，我是個超級超級厭惡煙味的人，可能是鼻子很敏感，聞到真的很不舒服；每次看到身邊的人抽菸，一定都會隨口嘮叨一句：少抽一點，抽菸對身體不好啦～

好啦！！重點來了！
最近呢交了一個新男友，之前剛認識不久的時候，發現他有在抽菸，我當下就有很坦白跟他說，我不跟會抽菸的人交往。
當時他保證說那他可以戒掉，因為他沒有上癮、沒有非抽不可，對他來說抽菸只是一種更好交際的方式，談生意或是跟同事朋友一起的一個氛圍；他也說只是有時候煩惱的時候抽一根會比較冷靜，可能原本在煩惱的事情，突然間就想到解決辦法了（這個部分我無從得知啦，我沒抽過菸），然後他說：他願意為了我不再抽菸。

Ok，於是我也接受了，只是呢⋯在我心中一直覺得，人就是很犯賤的吧🤣，他真的戒得掉嗎？就算沒成癮沒錯，但會不會那麼偶爾就是會想來個一根？

但是最近有時候接吻的時候，一直覺得他口中有淡淡的煙味，不知道是不是我自己的錯覺😭，我也不想當個這麼愛猜疑的人。（至於我為什麼會知道接吻時有煙味的味道是怎麼樣，是因為之前高中也交過一個保證不抽菸但後來發現他嘴巴味道怪怪的，逼問之下他才說他有抽）。

現在大家都是成熟的大人了嘛～我也不想一直逼問什麼的😂，他說我就相信他，但是我昨天真的聞到那個淡淡的煙味！！這應該是我跟他接吻中第二次聞到了，第一次比較濃，這次比較淡一點，真的很淡很淡！

我以前也會聞手指，但是不是只要很認真洗就可以洗掉了？可是嘴巴的味道比較難洗？比較容易卡味之類的，我真的不清楚🥲

我跟他說他嘴巴有淡淡的煙味，他也很淡定的說可是他沒抽菸呀！也跟我一起覺得奇怪，討論那為什麼會有煙味？我真的看不出來他是真的還是裝的😂

想請問廣大的兄弟姐妹們，我男友到底是真的還假的，如果是真抽菸我會直接分手，我對煙味是完全零容忍那種，更何況是抽菸加上欺騙！

但如果他一直堅持自己沒有，我是不是也不能怎樣⋯我也不想誤會他，好難啊😔","['討厭', '煙味', '感情', '愛情', '男友']",75a726e6-d4e3-4902-a410-2430a39fffcb,mood,心情,F,False,0,[],8,4,2024-07-09T05:37:03.913Z,2024-07-09T05:37:03.913Z,,,1
256067783,#問 該搬去宜蘭每天通勤上班嗎？,"老公的外公近期決定不在出租宜蘭市區的房子
而因爲這棟房是分給老公媽媽的，所以老公媽媽就一直問我們之後要不要搬去住
還提出很多看似很誘人的條件？
1.拿出私房錢讓我們裝潢（原來是木頭隔間的那種老透天）
2.直接幫你們買一台車通勤（講說雪隧過來很快啦不用50分鐘）
3.養貓養狗想養幾隻都可以（目前台北租屋無法養）

雖然節省租金很棒，但我光想到以下這些問題就無法🥲
1.通勤時間變成10倍（我在東區附近上班，現在住北車附近，每天騎車不到15分鐘）
2.那一台車到底要給誰開？（老公跟我工作地ㄧ南一北，早上就算了可以一起來，那下班呢？我是常常加班的類型，難道都要一直互等嗎？）
3.每天下班都要餓到回家嗎？

我內心真的超級煎熬
所以想問版上有沒有過來人可以分享優缺點給我呢？
謝謝大家了🙏","['問', '宜蘭', '通勤']",75a726e6-d4e3-4902-a410-2430a39fffcb,mood,心情,F,False,1,"[{'id': '286f599c-f86a-4932-82f0-f5a06f1eca03', 'count': 1}]",2,2,2024-07-09T05:25:01.576Z,2024-07-09T05:25:01.576Z,,,0
256067756,該不該剛出社會就買房,"今年剛要步入社會的我，家中長輩覺得不想租屋（目前家裡房子是租的），要求我與長輩一起買房。長輩的意思是，因家裡離婚，有自己的房子長輩也能住，之後也能平分給我跟妹妹。

       想詢問只有我覺得剛出社會就買房有點不妥嗎...但感覺不買又不孝🥲

考慮因素：
1.家中經濟一般，僅夠維持基本生活
2.出社會目前有學貸與機車貸款及保險
3.妹妹還要5年以上才會步入社會，目前尚未能一起負擔房貸
4.目前薪資預計3萬多初（新人前三個月可能不到3萬）
5.妹妹就學中，也需幫忙負擔妹妹學費
6.長輩要求有買房的話.孝親費與房貸分開給

        有打算與長輩討論是否暫緩，但長輩以［我養你這麼大，你就是要替這個家考慮。］、［房東隨時會賣地，到時我們住哪？］告知我要買房。然後現在長輩不停看房子，要我把目前住處能丟的東西丟掉，不然之後沒法搬家（我已經是家裡東西最少的人了🥲）...
有什麼辦法讓長輩能暫緩買房的意願嗎...
不然租屋也行...



https://sticker-assets.dcard.tw/images/9d11f80a-02f1-4a72-a170-caed88d7cea2/orig.png",[],75a726e6-d4e3-4902-a410-2430a39fffcb,mood,心情,F,False,3,"[{'id': '286f599c-f86a-4932-82f0-f5a06f1eca03', 'count': 3}]",24,7,2024-07-09T05:20:48.408Z,2024-07-10T13:14:17.856Z,,,1
256067709,個性很不細心 做事容易出錯 怎麼改？,"我是一個個性很容易出錯  很不細心 有時候找路還會對主駕駛下錯指令的人 周遭的朋友跟同事都說我很ㄕㄨㄚˇ 容易忘東忘西 到了關鍵時刻容易出錯

有時候還會不小心因為手滑而弄壞東西

我很羨慕那些做事乾淨俐落 很精明不會出錯的人
我常常思考 到底要怎麼要才能做到像他們這樣

我很希望改掉這個個性 不知道怎麼改變😭😭😭

大家可以給我建議嗎？
https://sticker-assets.dcard.tw/images/ce64cef2-fab8-4f6a-864d-8b5e5bc9b238/orig.png","['個性', '閒聊', '心累了', '焦慮']",75a726e6-d4e3-4902-a410-2430a39fffcb,mood,心情,M,False,0,[],2,2,2024-07-09T05:13:31.852Z,2024-07-09T05:13:31.852Z,,,1
256067707,怎麼拒絕談論薪水,"如標題 半年前換到新環境工作 因為我是非常非常內向的女生 所以一直都跟同事不太熟 大概過了三個月 期間會偶爾跟同事聊天 但完全稱不上「朋友」 一樣只是「同事」關係 有一天他突然提到薪水這個話題 我一直想把話題轉掉 但他直接問「你一個月薪水多少阿？」我愣了兩秒 用一臉「我不想說欸」的臉說「就那樣阿」他接著問「所以是多少阿？」我也不知道要怎麼拒絕的直接說出來了🥲🥲
昨天又被家人逼問薪水 我知道家人可能只是想關心我 但我真的已經嘗試轉移話題 和委婉的拒絕回答 還是沒用
想請問大家 如果談論到薪水 你們會怎麼拒絕回答 或是我該怎麼做才能不要再被逼問出答案 麻煩各位幫幫我了！
https://sticker-assets.dcard.tw/images/1588fef2-494a-486d-98e1-1f9b3ef8281d/orig.png","['薪水', '工作', '閒聊']",75a726e6-d4e3-4902-a410-2430a39fffcb,mood,心情,F,True,0,[],9,3,2024-07-09T05:13:21.530Z,2024-07-09T05:13:21.530Z,十賭九輸,yy1123,1
256067690,我發現自己以前去補習班浪費錢,啊~我超後悔沒有阻止父母親讓我去補習，雖然補到國中畢業沒有在補習（有設立停損點）可是我想要翻找國小二年級到國中三年級我想實際去找找看補習費多少錢，結果被補習班老師都收走了...... 我還記得我轉了三間不同補習，我從國小一年級開始補習，國小只待了4年 國小四年級成績不理想被轉去一間也只待一年半而已，再來就是國中那間最後一間呆了整整4年，我看學費袋一個月就要3600，傻眼！如果以6個月開始計算，就要2萬1千多超級浪費錢，我覺得高中還好沒去補習，國中國小我到底在幹嘛？為何不好好省錢去出國，搞到現在沒有錢。留不住錢財，好好把這些錢拿去買股票賺到不少錢，也都值得！ 哎....笨啊,"['補習班', '浪費', '錢']",75a726e6-d4e3-4902-a410-2430a39fffcb,mood,心情,M,False,2,"[{'id': '286f599c-f86a-4932-82f0-f5a06f1eca03', 'count': 2}]",4,2,2024-07-09T05:10:57.939Z,2024-07-09T05:10:57.939Z,,,1
256067667,無奈,https://megapx-assets.dcard.tw/images/ee48cf58-57e7-4074-ab98-3bdf15e60161/full.jpeg,"['無奈', '憂鬱症', '女生', '心事']",75a726e6-d4e3-4902-a410-2430a39fffcb,mood,心情,F,True,0,[],0,0,2024-07-09T05:07:36.482Z,2024-07-09T05:07:36.482Z,中國科技大學的白兔,whale0429,0
256067613,讓你舒眠又放鬆的好旅伴✨,"https://www.dcard.tw/f/mood/p/255565513
嗨大家! 我是好漾先生~
大家旅行時應該都很希望能睡得好、隔天精神飽滿，這樣才能玩得盡興!
但有時候明明有睡意，卻不盡人意…
就讓善存舒眠益生菌當你的旅行神隊友吧~
https://megapx-assets.dcard.tw/images/634ee854-ca52-4d97-986e-0251297794ca/orig.jpeg
先放一張自己旅行時精神飽滿的照片當開場~
精神好，怎麼拍都自然!

接下來分享《善存舒眠益生菌》的體驗心得~
https://megapx-assets.dcard.tw/images/388fb9d1-d2e4-4e05-94b4-8204cc046e11/orig.jpeg
善存舒眠益生菌是膠囊的型態
含有5大晚安因子^^:
1.專利番紅花萃取物** (法國專利)
2.芝麻萃取物 (含芝麻素)
3.麩胺酸發酵物 (含GABA)
4.色胺酸
5.專利益生菌 (多國專利)
可以幫助放鬆、幫助入睡、調整體質^

https://megapx-assets.dcard.tw/images/914e8161-2bea-4e48-8e20-1c0ad5c2b0d5/orig.jpeg
https://megapx-assets.dcard.tw/images/736bbf40-1888-4ca1-a5af-0ca35f3663df/orig.jpeg
附上營養標示及注意事項供參考

https://megapx-assets.dcard.tw/images/37732e75-66c1-479d-ac4e-e8933141a402/orig.jpeg
食用方式是成人每日2粒(多食無益)，建議在睡前30分鐘-1小時食用

也許你也跟我一樣會好奇，這樣的複方比起單一成分有什麼優勢呢?
其實是因為影響現代人入睡的成因有很多，通常是多重的
比如我旅行玩得太high，也有可能影響睡眠
所以善存舒眠益生菌的複方設計，更能全方位幫助入睡!

https://megapx-assets.dcard.tw/images/a25c14ac-8f8b-4aff-9206-c269dbe38db0/orig.jpeg
經過這7天的體驗，我覺得我好喜歡這樣身心放鬆的自己
想睡，倒頭就睡*，隔天精神又好，幸福生活就是如此!
因為是食品級天然植萃的成分，讓我們可以安心使用，又有百位醫師的認證推薦***，天天吃也OK!
善存舒眠益生菌推薦給你~

*晚上幫助入睡﹑白天精神旺盛。
**選用法國專利番紅花萃取物。
***2023年7月16日台灣家庭醫學醫學會，299位醫師參與問卷調查，之中有268位醫師檢視「善存舒眠益生菌膠囊(配方) 成份」後，對於「善存舒眠益生菌膠囊(配方) 成份」能幫助放鬆表示認可或非常認可。
^幫助入睡，調整體質
^^植萃番紅花萃取物﹑芝麻萃取物(含芝麻素)﹑麩胺酸發酵物(含GABA)﹑色胺酸﹑益生菌。


本試用與善存合作，若對善存產品有任何問題，請撥打消費者服務專線0800-212259
https://centrum.pse.is/647wac
PM-TW-CNT-24-00106","['官方合作', '舒眠益生菌', '善存', '放鬆好入睡', '益生菌']",75a726e6-d4e3-4902-a410-2430a39fffcb,mood,心情,M,True,53,"[{'id': '286f599c-f86a-4932-82f0-f5a06f1eca03', 'count': 53}]",19,14,2024-07-09T05:00:00.394Z,2024-07-11T09:24:53.512Z,好漾旅食,gogoyoung,0
256067415,🐢蜜男友親聞我的內衣褲❸,"https://www.dcard.tw/f/mood/p/256053055?cid=94C2D828-3F19-428F-9237-114D0E67E838
https://www.dcard.tw/f/mood/p/256083323?cid=32439BF4-A20B-4F61-9976-BDD34C5410E7
補充一下：我已經搬走，也跟閨蜜完全沒有聯絡，目前交由警方處理！

我也不知道門都有鎖男生怎麼能進到我房間，不過男生欺騙閨蜜的理由真的很🦐，閨蜜卻還是選擇了愛情，甚至間接放棄親情（畢竟家人被講的很難聽）⋯ 

而有人問閨蜜會不會說是我勾引她男友的？我不知道她會怎麼想，我自己也有男朋友，我們跟閨蜜是很熟識的大學同學，即使這樣我也不會把男友帶進來宿舍甚至過夜！而她則是交往未滿一個月就帶回來過夜⋯

閨蜜還沒交男朋友前甚至多次在我和我男友面前叫我男友養她⋯ 我都假裝沒聽到⋯ 而男友則是回他：「我幹嘛要養妳」，閨蜜聽到還會臭臉，我想這部分可能閨蜜的機率比較大！交往後閨蜜則瘋狂問我她男友帥不帥？可不可愛？我的回應都是：「我覺得他帥或可愛我才有問題吧！」閨蜜就會回我：「他真的好帥好可愛」，甚至次數太過頻繁到我開始反感假裝沒聽到⋯ 
-
正文開始：

閨蜜（🐢）/ 我（😀）/ 閨蜜男友（🤮）

🐢看到我發的限時（❷的那張圖）後跑來私訊我說他不想讓更多人知道，叫我不要再發，而受害的是我，他卻要求我不要跟任何人講，不要發文。完全都不甘她的事，我從頭到尾也沒責怪她甚至還安慰她，不知道🐢為什麼要一直對號入座⋯ 
以下是我們的對話：

🐢：不要再發了，我不想讓更多人知道，我不知道要怎麼面對知道這件事的人，我知道我這樣很智x ，但我是真的很喜歡🤮（貼文完全沒影射到她，看到最後那句，真的覺得傻眼🙄）
😀：我再也不想為了顧及妳的感受，而委屈我自己，當初怕妳傷心難過處處替妳著想，結果妳這種態度，妳有把我當朋友嗎？
🐢：我有沒有把妳當朋友妳自己想想，妳有妳的立場嗎，但我覺得能談就談，先聽🤮說不行嗎？
😀：受傷的人是我妳還要求我聽🤮說？要求我不要跟別人說？妳要面子我不用嗎？🤮是偷拍偷親聞我的內衣褲欸⋯
🐢：我不喜歡把事情鬧大，如果妳要覺得我很自私，那我尊重妳，我只是覺得難談就談
😀：說難聽一點，過了幾天了到現在🤮一次道歉都沒來跟我說過欸
🐢：我不知道要說什麼了，反正妳都覺得我在辯解，我覺得我現在就像是一個被公審的人，被人指責
😀：又不是妳做錯事要被公審什麼？妳是妳 他是他 該被公審的是🤮 而妳選擇跟他在一起是妳的事！
😀：不要忘記法律不會放過這種人！(被🐢氣到馬上去報警）
🐢：我知道，我不會再說什麼了（可能怕我去報警所以不敢多說什麼）

說實在我真的覺得🐢很自私，甚至已經完全喪失理性和基本思考辯分明的能力了，隨後我也到警察局報案。

之後🤮的父母得知這件事，也說他們完全沒有因為🐢的家庭背景就要他們分手，他們更是完全不知道🐢的家庭狀況，不知道為什麼🤮會說出這種話，而🤮也向他的父母和🐢承認了他只是用這種理由來搪塞自己的錯誤⋯ 

🐢都當場聽到了卻還是執意要跟🤮在一起⋯⋯⋯ 這不也是選擇了愛情同時放棄友情甚至是親情和自己的家人嗎（我了解🐢的家庭狀況，也知道她跟家人感情很好）完全不知道🐢到底在想什麼⋯ 

最後，我還有發一段話：「看清一個能讓自己變得更好」，而🐢看到後又傳了一大篇話來告訴我她才是受害者，為什麼我要這樣公審她⋯ 以及🤮傳了一大堆錯字的道歉文給我，而內容大多是在跟🐢道歉⋯

*因為內容過長才分成好幾篇，下一篇會把最後的對話內容和🤮的道歉文發出來，最後我也被🐢封鎖了⋯⋯⋯","['男友', '女友', '感情', '愛情', '女生']",75a726e6-d4e3-4902-a410-2430a39fffcb,mood,心情,F,False,487,"[{'id': '286f599c-f86a-4932-82f0-f5a06f1eca03', 'count': 444}, {'id': '4b018f48-e184-445f-adf1-fc8e04ba09b9', 'count': 15}, {'id': '514c2569-fd53-4d9d-a415-bf0f88e7329f', 'count': 15}, {'id': 'aa0d425f-d530-4478-9a77-fe3aedc79eea', 'count': 8}, {'id': 'e8e6bc5d-41b0-4129-b134-97507523d7ff', 'count': 5}]",159,81,2024-07-09T04:32:29.259Z,2024-07-17T10:07:38.261Z,,,1
256067403,小腳趾骨折一個禮拜就能走路,如題，這樣是正常的嗎，因為已經感覺不太到痛，只要不要太大施力在小腳趾上，稍微輕踩到地板都還好，還是這樣有可能會不知不覺就骨折移位，我的骨折是屬於不用開刀的那種,"['腳趾', '骨折', '走路']",75a726e6-d4e3-4902-a410-2430a39fffcb,mood,心情,M,False,1,"[{'id': '286f599c-f86a-4932-82f0-f5a06f1eca03', 'count': 1}]",0,0,2024-07-09T04:30:49.551Z,2024-07-09T04:30:49.551Z,,,0
256067398,生活費,本人與姐姐一同住在家裡，本人薪水三四萬，姐姐薪水大概是我的四倍，但是我們每個月都給家裡一萬元的生活費。有一次，我媽主張姐姐應該要多負擔家裡的生活費，但姐姐說我與她同住在家裡，應該負擔一樣的錢。而我媽說因為我薪水比較低，但姐姐說這是我能力的問題。想請問大家，哪一方說的比較有理？,"['生活費', '工作']",75a726e6-d4e3-4902-a410-2430a39fffcb,mood,心情,M,False,8,"[{'id': '286f599c-f86a-4932-82f0-f5a06f1eca03', 'count': 7}, {'id': 'e8e6bc5d-41b0-4129-b134-97507523d7ff', 'count': 1}]",43,26,2024-07-09T04:29:24.935Z,2024-07-09T04:29:24.935Z,,,0
256067341,有感而發 身障者家庭,"其實我從未跟別人分享這種事，所以大家就看看吧，我也只是想抒發一下而已。
——————本文——————
  原先我的家庭狀況雖然稱不上富有，但我認為還能算是不差，有買房、有一定量的存款，就是一個一般的家庭。
  家中有一姊一妹，在我們還幼稚園時，妹妹生了一場病，不論是藥費、治療費或是開刀等等都用上了，可想而知是一筆龐大的費用，後續我爸需要獨自撐起家庭經濟，我媽得要全職照顧妹妹。
  從小到大，因為生病的關係，妹妹都會得到大多數的關注，但這部分反而養成了我獨立的性格，我並不覺得怎麼樣。每年存下來的壓歲錢，在我上大學的那年將戶頭還給我，裡面的數字也僅僅剩下2 3萬元，不過後續也是在大學期間也是靠打工養活了自己。
  我妹結束療程後，雖然也是正常的升學讀書，但也成為了社會上所謂的「身心障礙者」，父母因此投入了大多數的心力在照顧她。
  真正讓我無法忍受的是父母無法培養妹妹獨立生活的能力，一直都認為以後的事以後再說，現在就要無時無刻在她身邊照顧她，但對於我這種「身心障礙者手足」心中只有巨大的焦慮，擔心以後父母年老了，扶養妹妹是否會變成我的責任、醫療費用是否也是我需要繼續負擔。
  不論是柔性溝通或是爭吵，甚至我也擬定過讓妹妹自主獨立生活的計畫，最後都會因為父母心軟或是行動力過低而失敗收場。
  久而久之，好像也只有我自己在想到底該怎麼辦，也只想要一直逃離這個家。
——————補充——————
下面留言給我想法很謝謝大家，不過對於離遠一點、眼不見為淨等等這件事我個人覺得不知道可以維持多久。
我目前的狀況是已經出社會，有穩定工作及收入，妹妹就學期間我嘗試了很多方法，但始終讓我覺得是在白忙一場。如今妹妹也快要在求學階段劃下尾聲了，就像在倒數計時，如果真的目前不好好解決，就會很難處理。",['家庭'],75a726e6-d4e3-4902-a410-2430a39fffcb,mood,心情,M,False,18,"[{'id': '286f599c-f86a-4932-82f0-f5a06f1eca03', 'count': 16}, {'id': '514c2569-fd53-4d9d-a415-bf0f88e7329f', 'count': 1}, {'id': '011ead16-9b83-4729-9fde-c588920c6c2d', 'count': 1}]",26,10,2024-07-09T04:21:17.399Z,2024-07-10T06:06:35.867Z,,,0
256067324,被男友家裡人誤會懷孕...,"男朋友=💙
暑假來💙家住，然後有跟他回去見長輩跟長輩吃飯都還滿和樂的。

然後今天在💙家玩手機
他姑姑突然發消息給他問一句
你女朋友懷孕了嗎 聽說

他姑姑說氣色不好會被老人以為懷孕什麼什麼的
然後叫他讓我多化妝之類的😭

我本身就很自卑的一個人
155/65公斤（胖在奶跟腿 肚子真的不太大😭
（但我都穿寬鬆的🥲
然後我黑眼圈也很重 我也不會化妝  這些問題都被他姑姑抓出來講到 然後現在整個很低落🥹
https://sticker-assets.dcard.tw/images/e13e11a8-5917-4ea8-8005-a288c93fb21b/orig.png
💙說鄉下就是八卦愛亂傳 不要在意
被💙家人這樣傳
已經不想見人 誰懂
https://sticker-assets.dcard.tw/images/ffc9f014-35dc-4921-97ad-bce26e12ef15/orig.png
https://sticker-assets.dcard.tw/images/0213dbb3-5b5a-4fbd-9852-38b510c78f86/orig.png","['男友', '家裡', '誤會', '焦慮']",75a726e6-d4e3-4902-a410-2430a39fffcb,mood,心情,F,False,45,"[{'id': '286f599c-f86a-4932-82f0-f5a06f1eca03', 'count': 36}, {'id': 'e8e6bc5d-41b0-4129-b134-97507523d7ff', 'count': 7}, {'id': '4b018f48-e184-445f-adf1-fc8e04ba09b9', 'count': 1}, {'id': '514c2569-fd53-4d9d-a415-bf0f88e7329f', 'count': 1}]",72,32,2024-07-09T04:19:45.350Z,2024-07-15T12:55:36.452Z,,,1
256067180,做了再說,https://megapx-assets.dcard.tw/images/bfa00625-6d92-491d-b088-fe592a08ef6a/1280.jpeg,"['生活', '人生', '感情', '閒聊', '靠北']",75a726e6-d4e3-4902-a410-2430a39fffcb,mood,心情,F,True,0,[],1,1,2024-07-09T04:01:15.085Z,2024-07-09T04:01:15.085Z,均葇,crazy781006,0
256067047,關於打麻將🀄️,"關於打麻將:
懷疑過座位
懷疑過廁所
懷疑過洗手
懷疑過牌桌上有人在拐
懷疑過自己剪指甲
懷疑過自己染頭髮
懷疑過自己接睫毛
沒毛病真的不曾懷疑過自己🤗

「麻將虐我千百遍 我待麻將如初戀」🤍💦","['打麻將', '麻將', '心情']",75a726e6-d4e3-4902-a410-2430a39fffcb,mood,心情,F,True,6,"[{'id': '286f599c-f86a-4932-82f0-f5a06f1eca03', 'count': 6}]",32,4,2024-07-09T03:42:29.201Z,2024-07-18T17:43:54.091Z,🍎,vbnm1009,1
256067038,是注意力不集中還是心理抗拒,"最近常被男友說沒有認真聽他說話
他和他家人朋友在聊天對話的時候
（沒有人特別跟我講話）
我會自己滑滑手機或看遠處發呆
但如果有跟我說話我也都會聊跟回應
只是事後問到說為什麼我不知道這件事
我說我沒有很認真聽你們的對話內容

後來自己在思考這件事
我覺得以前是個比較敏感的人
聽到別人的閒言閒語或眼神不對
我都可以感覺到也會很在意
後來出社會工作 漸漸也習慣忽視這些
太注意細節有時候會覺得很累
（腦袋總是轉很快下意識聯想到很遠的地方）

真的也不知道是心理抗拒接受太多消息而忽視
還是我是真的注意力不集中沒辦法去聽？","['心理', '閒聊']",75a726e6-d4e3-4902-a410-2430a39fffcb,mood,心情,F,False,0,[],1,1,2024-07-09T03:40:53.953Z,2024-07-09T03:40:53.953Z,,,1
256066977,上課就不耐煩,"心態好糟
怎麼辦？",[],75a726e6-d4e3-4902-a410-2430a39fffcb,mood,心情,F,False,0,[],7,4,2024-07-09T03:30:13.457Z,2024-07-09T03:30:13.457Z,,,0
256066941,蠢的想念,"李*華為什麼我又想起你了，我們永遠不可能會再有任何聯絡了，在最後你說你叫**偉，也說了很傷人的話，說了一句不覺得你很吵嗎？你就封鎖我了
這是為什麼在最沮喪時我還是會想到你，還留下眼淚來",['笨'],75a726e6-d4e3-4902-a410-2430a39fffcb,mood,心情,F,False,0,[],1,1,2024-07-09T03:23:58.338Z,2024-07-09T03:23:58.338Z,,,0
256066907,技職體系遇到一些不好的老師,"沒在市場產業存活 產業經驗不豐富
對學生喜歡利用人際關係操弄 去打壓操弄
意圖想要站在制高點去批判人
但卻不公開自己相關作品的主要專攻
卻非常喜歡打壓學生 甚至利用人際關係造謠詆毀
情緒勒索 不明暗中指控 
影射 暗指 學生未做過之事","['設計', '設計系', '工作', '時事', '靠北']",75a726e6-d4e3-4902-a410-2430a39fffcb,mood,心情,F,False,0,[],0,0,2024-07-09T03:19:24.726Z,2024-07-09T03:19:24.726Z,,,0
256066904,二尖瓣閉鎖不全,昨天被醫生診斷，二尖瓣脫垂跟閉鎖不全，閉鎖不全的問題比一般人嚴重，只是目前除了胸痛，走路會喘，醫生在心電圖並沒看出什麼大異常，只是跟我說老了退化會更嚴重，看要不要趁年輕先去評估二尖瓣瓣膜手術，本人目前29歲，被診斷完，憂愁了一整天，很擔心不動手術未來會更棘手，動了又很擔心那3-4%的風險問題，本人有個很好很愛的女朋友，放不下女朋友跟家人，有想知道有此類狀況，或是有動過手術的心得分享嗎？,"['焦慮', '閒聊', '愛情', '二尖瓣脫垂']",75a726e6-d4e3-4902-a410-2430a39fffcb,mood,心情,M,False,1,"[{'id': '286f599c-f86a-4932-82f0-f5a06f1eca03', 'count': 1}]",0,0,2024-07-09T03:18:55.250Z,2024-07-09T08:30:06.278Z,國立交通大學,,0
256066820,對於人際關係大家是怎麼釋懷的?,"越大越發現生活圈不同後就沒話題，不然就是說一套做一套，講話都不負責任，都會覺得自己不好或是好欺負所以被這樣對待，請問各位都用怎麽方式釋懷...
不糾結好難...","['心事', '閒聊']",75a726e6-d4e3-4902-a410-2430a39fffcb,mood,心情,F,False,0,[],0,0,2024-07-09T03:05:12.668Z,2024-07-09T03:05:26.798Z,,,1
256066816,我真的需要各位協助,此篇文章為轉貼文章，請更新至最新版本觀看完整內容。,"['團隊', '工作', '工作經驗', '請益', '職場']",75a726e6-d4e3-4902-a410-2430a39fffcb,mood,心情,F,False,0,[],6,2,2024-07-09T03:04:59.570Z,2024-07-09T03:04:59.570Z,,,0
256066796,莫名挨老闆罵,"今天挨老闆罵
原本一直覺得莫名其妙
但突然想到為什麼
呵呵
反～正 都說我脾氣不好
呵呵","['老闆', '罵人', '工作', '靠北']",75a726e6-d4e3-4902-a410-2430a39fffcb,mood,心情,M,False,0,[],0,0,2024-07-09T03:02:56.222Z,2024-07-09T03:02:56.222Z,,,1
256066755,台灣的醫護人員都超級棒的！！！,小弟我最近因為長輩的關係，常常出入醫院，不論是在住院時護理師以及醫生的細心照顧還是到醫院回診看醫生和到醫院做各種的檢查時，都感受到護理人員對病患的照顧以及關心，像是照電腦斷層時，要換衣服，那個衣服對長輩來說有點長，在走進CT室時，護理師還很貼心的幫忙提起衣服，我在旁邊扶長輩時真的很感動。謝謝你們！！辛苦了～有你們真好,"['醫護', '台灣', '大感謝']",75a726e6-d4e3-4902-a410-2430a39fffcb,mood,心情,M,False,7,"[{'id': '286f599c-f86a-4932-82f0-f5a06f1eca03', 'count': 6}, {'id': 'e8e6bc5d-41b0-4129-b134-97507523d7ff', 'count': 1}]",0,0,2024-07-09T02:56:13.719Z,2024-07-09T02:57:05.414Z,國立清華大學,,0
256066706,心情很亂,"在某咖啡店上班
一直以來都有個常客
上班時很常跟我聊天
有時候下班也會遇到她
在路上也會聊個幾句
看她人不錯
所以有交換line

結果今天下班
看到她傳給我訊息：「你能接受跟不太熟的人打砲嗎？」
我：「⋯⋯」
我直接封鎖！！！

但是她現在還是很常來我們店裡
重點是
她本來就知道我有女友了
我有把這件事跟女友講
女友也氣死
後來我們店長跟我說她有老公了
三小⋯有老公還來找年輕弟弟打砲⋯有夠噁⋯
各位男孩們真的要小心⋯
https://megapx-assets.dcard.tw/images/a499ac0a-9367-4012-9c46-5c4630d491fb/orig.jpeg
#附上今天的早餐壓壓驚","['心境', '工作', '閒聊', '生活', '心事']",75a726e6-d4e3-4902-a410-2430a39fffcb,mood,心情,M,False,0,[],5,5,2024-07-09T02:49:34.436Z,2024-07-09T02:52:46.469Z,,,0
256066667,#詢問 微創痔瘡手術會痛嗎？,"之前洗澡摸到肛門有肉球 
懵懵懂懂就是把它推回去
跟我媽講這件事 
她就說是痔瘡推回去就沒事
不過她還是有準備正記消痔丸給我吃
吃完有消但因為我便祕一直沒改善

最近痔瘡又復發甚至出血
跟我媽討論後她也贊成我去手術
不然這樣一直反覆很痛苦

想問微創手術會不會很痛？
會需要跟學校請假休養嗎？
怕開完刀去上課很不自在

實在不想讓人察覺自己因為痔瘡去開刀ＱＱ","['痔瘡', '手術']",75a726e6-d4e3-4902-a410-2430a39fffcb,mood,心情,F,False,6,"[{'id': '286f599c-f86a-4932-82f0-f5a06f1eca03', 'count': 6}]",17,8,2024-07-09T02:43:15.010Z,2024-07-09T02:43:15.010Z,,,0
256066534,或許是最好的,"忘掉或許是最好的選擇
雖然還是很渴望想跟你重新當朋友
但還是算了吧
或許忘記你對我來說是最好的","['或許是最好的', '忘記']",75a726e6-d4e3-4902-a410-2430a39fffcb,mood,心情,F,True,0,[],15,2,2024-07-09T02:19:32.375Z,2024-07-09T02:19:32.375Z,冰星玥影,erad55661,0
256066294,關於網路暴力，如何面對😂,https://megapx-assets.dcard.tw/videos/d75ad3fb-8deb-4f0f-9095-861b810814c5/orig,"['網路', '暴力', '面對', '閒聊', '心事']",75a726e6-d4e3-4902-a410-2430a39fffcb,mood,心情,M,True,5,"[{'id': '286f599c-f86a-4932-82f0-f5a06f1eca03', 'count': 5}]",0,0,2024-07-09T01:24:29.505Z,2024-07-09T01:24:29.505Z,陳毅（CHEN I）,foodbusiness,0
256066276,生活是什麼,"如今，工作已經到了一個段落，又要在想，到底要繼續走周休二日，還是要走排休，一旦排休完，我的體力更加負荷不了，無論是怎麼努力運動，怎麼宣洩沒有體力這項恥辱，

到底，我該怎麼做，每天一樣的下午茶，每天只能自己寫日記，自己發表自己的情緒，完全陷在自己的聽得到看得到那些人影的答案裡面，想甩開都沒有辦法，

連一點點錢要存錢，都有困難，我不是說我不懂這些事情的意義，而是我真的只有這樣才會有開心，

那麼，我還可以做甚麼覺得說我能夠回到有自己的自信裡面，我真的很難過，生病發燒發冷，永遠都是一個人，我要怎麼面對，以後的未來，","['生活', '感情', '愛情', '工作', '憂鬱症']",75a726e6-d4e3-4902-a410-2430a39fffcb,mood,心情,F,False,1,"[{'id': '286f599c-f86a-4932-82f0-f5a06f1eca03', 'count': 1}]",5,2,2024-07-09T01:18:20.853Z,2024-07-09T01:18:20.853Z,,,0
256066273,對猴子父母平靜地發瘋,"更
我只是遇到這件事覺得很有趣所以才來發文的。
但快餐店是支語我是真的不知道，我們家就是會講快餐店，我認知裡那種菜都先做好，夾一夾就可以出餐的餐廳都叫快餐店，那家餐廳的名字也有快餐兩個字啊

至於為什麼她說中山而不是壽山，我真的不知道，畢竟不是我說的

大家覺得是創那就是，覺得不是就不是吧～
————————
昨晚去快餐店用餐，有一家四口坐在我隔壁，兩個小男生應該是5～6歲左右，一直在大叫，還在餐廳跑來跑去。

爸爸媽媽有講一下說不要叫，可以好好吃飯嗎？但語氣輕聲細語的，沒有警告的感覺，坐著任由他們滿場跑，所以理所當然兩個小孩子完全沒有要聽。

然後！有一個很年輕的女生，跟著兩個小孩子回到他們的座位，就站在他們桌子旁邊看著他們父母
👨🏻（猴子爸爸）🙂（年輕女生）
👨🏻：請問有什麼事嗎？
🙂：請問您是他們的……？
👨🏻：……爸爸，怎麼了嗎？
🙂：喔那請問這一位是他們的媽媽嗎？
👨🏻：小姐你有什麼事嗎？
🙂：哇好神奇喔～我還以為只有兩隻猴子可以生出兩隻猴子欸！真的是親生父母嗎？哇我看到奇蹟了（拍手）（轉看向兩個小男生）拜拜～小心一點不要被抓回去中山喔～（走出餐廳）

她全程都是用那種很好的服務業從業人員的語氣跟全程微笑在說話，很難描述出來，但就是聽起來很認真又很真心，讓整個狀況變得更加好笑。

附近幾桌有聽到的反應過來之後都在笑，只有他們父母覺得生氣，碎碎念說這樣冒犯別人有比較好嗎？

但我是覺得是他們一家先冒犯其他在餐廳用餐的所有人，那受到冒犯也不能怪人家吧？反正我小時候如果在餐廳跑來跑去，我爸媽是會覺得很丟臉，會馬上請店家打包之後無論天氣多熱，都會到家附近的戶外找一個地方吃，然後跟我說如果我沒有辦法在公共場所控制自己不打擾別人的話，我就沒有資格在舒服的環境吃飯。基本上兩三次之後就可以理解了，之後只要被警告說這是公共場所，我就會自覺了。所以我是沒有辦法理解小孩子本來就這樣這種不負責任的屁話啦","['發瘋', '閒聊', '生活', '靠北', '猴子']",75a726e6-d4e3-4902-a410-2430a39fffcb,mood,心情,F,False,787,"[{'id': '286f599c-f86a-4932-82f0-f5a06f1eca03', 'count': 720}, {'id': 'e8e6bc5d-41b0-4129-b134-97507523d7ff', 'count': 65}, {'id': '4b018f48-e184-445f-adf1-fc8e04ba09b9', 'count': 2}]",139,53,2024-07-09T01:17:57.395Z,2024-07-25T12:06:18.143Z,,,1
256066234,被朋友放醜照在哀居,"我有一個朋友跟我很好 昨天跟他出門那時風很大 我們在海邊 我看到他把手機舉起來我就看鏡頭 沒想到我就是在挖洞給自己跳 我很早就懷疑他拔我哀居摯友 裡面都放她很不要臉的照片 每張都要五官不正 他放我醜照已經不是一天兩天的事了 這就要靠人脈 但她很好笑 他就坐在我旁邊還在整理她的摯友限動 真的很明顯 所以我才去問別人就有人說跟你國小差超多 或是還說之前還發一個更醜的 我覺得你要發你好看怎樣你也要尊重一下入鏡的人吧 很自私 自己好看就好 頭記得洗就好😓😓
https://megapx-assets.dcard.tw/images/5cd81d74-2363-4140-ad49-be9b13ce639b/orig.jpeg","['醜照', '朋友']",75a726e6-d4e3-4902-a410-2430a39fffcb,mood,心情,F,False,0,[],0,0,2024-07-09T01:08:00.921Z,2024-07-09T01:08:00.921Z,,,2
256066226,端看手機介面可知他/她是XX廠牌的愛用者，也可得知那人的性格大概是何種德性了...！,"蘋果手機無論是何種機型、第幾代的智慧型手機，都有固定的介面設計，包括：什麼畫面都會在螢幕下方有一條算粗但不長的橫槓、右上角不會顯示這位使用者用的手機門號專案是多少G流量，但會顯示網格、總是擺橫的還有加上電力多少%的電池、左上角則有一個像是「箭靶」的谷歌地圖衛星導航符號，它的左邊還有一個粗粗的黑體數字時間，而且一進到文件閱讀畫面，無論是開「Chrome 瀏覽器」應用程式抑或「Google」應用程式任何一個網頁，都會將「翻開書頁+箭頭往上指」的標誌放在右下角，代表著「分享」的功能。此外，在手機尚未解鎖前，每一支蘋果愛好者的螢幕畫面統統都是螢幕時間的字體既大又粗又很白，比我的VIVO Y52（前一支電池整個壞了的手機）和VIVO Y30（現今使用的手機）還要粗。這是我和家人曾經使用過的手機廠牌「HTC、三星、歐寶（OPPO），以及兩代的VIVO」中，獨一無二的特殊介面，怪不得了...！無論我是在敝系的去年度還是大三生的三丙修必修課和選修課、本校區外系的選修課，還有他校區的別的系選修課程時，都是有一種驚人的發現，使用這種我生前大概無福享受到這麼特殊，看起來高貴的手機螢幕介面的廠牌，只要我仔細一看，都是「蘋果咬一口」的標誌，全班（以應英系該年該屆畢業生班級三個班級當中平均每一班四十五位畢業生來計算的話）除了我一個人之外，其他人都手持一支價格不菲的蘋果手機！！！🫣😱😰真真正正人手一支哪！！！嚇死人，就連我修課修讀外系的也是如此！！！要不是我上課途中發現這些不認真狂滑手機不用心良苦聽敬業的任課教授講課的同學，我根本不知道他/她們真的「出身不凡」啊！！！難怪我總是被人唾棄！！！現代這個社會真的就是一個「向前（錢）看的暗黑社會」吶，也難怪大家這麼市儈，這世間上絕大多數人都是以「利益交換」為其交友目的用機關算盡、過河拆橋、苛薄寡恩、百般嘲諷、幸災樂禍，卻不以「真心真意」才是實實在在的「真性情」交朋友與待人接物的「惡男子和惡女子」！！！嗚呼哀哉！！！
https://sticker-assets.dcard.tw/images/c63e532b-4177-462b-95fb-bf6424e43739/full.png
https://sticker-assets.dcard.tw/images/645da7ad-53ab-4d9a-a669-5f63c1d1a95b/full.png
https://sticker-assets.dcard.tw/images/8f1fd1c7-081e-4eed-94be-ac82d6baaae4/full.png",[],75a726e6-d4e3-4902-a410-2430a39fffcb,mood,心情,M,False,1,"[{'id': 'aa0d425f-d530-4478-9a77-fe3aedc79eea', 'count': 1}]",2,1,2024-07-09T01:06:25.373Z,2024-07-09T01:39:23.770Z,,,1
256066160,分享近視雷射心得,"#分享
手術方式：smile pro
術前近視度數：
右眼-4.00//左眼 -4.00
術前散光度數：
右眼-0.50//左眼-0.50
術前角膜厚度：
右眼 557//左眼562

術後視力：右、左眼都是1.0
⋯⋯⋯⋯⋯⋯⋯⋯⋯⋯⋯⋯⋯⋯⋯⋯⋯⋯⋯⋯⋯

由於國中開始近視了，一直以來很希望做的手術之一就是「近視雷射」、戴眼鏡或隱形眼鏡總是讓我不方便，尤其在運動或是正式場合一直推眼鏡，戴隱形眼鏡又常常會乾眼爆血絲狀況。
不管是生活方面還是重要場合，每每帶著眼鏡總是覺得老氣，甚至生活帶來不方便，常常眼鏡找不到，或是化妝的時候總是被眼鏡遮住😣😣😣
打球的時候也是感覺一直滑下來，總是無法專心

2年前有諮詢過第一次，那時候初次接觸，很擔心手術後遺症，一直再觀望，搜尋很多相關的文章，跟參考其他人手術後的恢復情況
因為也有非常多的手術方式，也不確定自己適合什麼手術，所以2年前沒有做決定，直到2年後再度諮詢才確定要來好好改變一下自己😤😤

選擇這家大*眼科這家診所是因為估狗了許多間診所，大*眼科評價算一直非常不錯，有非常多的手術經驗，從諮詢評估到手術當天，發現他們在雷射手術領域有著豐富的經驗和專業知識。

術前有專員幫你安排1對1的諮詢，專員有仔細交代說不能開車或騎車前來，因為眼睛要檢查，會點散瞳劑跟一些眼藥水幫助檢查，開車或騎車前來，會有安全上的顧慮，建議有親友陪同或是友人陪同載來，而我是選擇叫計程車前來🤣

評估前幫你測試很多台儀器，包括測量眼壓、視網膜、或是有沒有其他眼睛的病變，所有數據都有詳細的數據，之後也會安排醫生門診進行評估
儀器檢查完之後有點散瞳劑跟一些眼藥水，有說明是為了進門診的時候要給醫生檢查

的確散瞳劑點下去，眼睛會開始頓頓的，眼睛無法聚焦，真的騎車前往回家會有一點點的危險
所有檢查都做完之後，前往樓下的門診給醫生檢查！
看看視網膜的地方有沒有破損或是剝離的現象，或是有白內障的眼睛疾病
很幸運的是我的眼睛除了淚液分泌的偏少，但還在正常範圍內的情況下可以安排進行手術
可能要多點人工淚液

所有的眼睛檢查安全措施可以說非常仔細
也有叮嚀手術前要早點睡覺，不要讓眼睛過度疲累，早睡早起

終於到了手術當天，是端午連假前，蠻多人都要做smile pro。在這樣一個專業的環境中進行手術，特別有許多未知的情況，感到更加放心和安心，例如：手術前準備、消毒，護理師會牽著你到手術台(眼睛霧霧根本看不到呀)，手術中耳邊會有＂加油！快好了剩下xx秒，眼睛不要轉動喔!儀器貼合你的眼球的時候，眼睛瞬間變白霧，有一種莫名的感覺，然後醫生用一個夾子在你眼睛上畫圓，大概來回畫個2-3圈，然後抽出來，眼睛就有明顯看到東西，但是水霧感很重，很模糊的狀態
手術結束後，全程都被護士牽著走（因為看不到很霧🤣）

smile pro手術過程之短，前前後後大概10分鐘就結束了。
手術後，前四個小時很像起霧眼睛幾乎沒有辦法看到，不停流淚眼睛酸澀，手術完只想衝回家睡一覺，到了晚上感受到了眼睛的變化，不再依賴眼鏡視力就到了1.0，但是還是會有些微水霧感，晚上開車也有一點點光暈的情況，回診說會慢慢消失就比較放心了，現在日常生活也不用一直戴眼鏡，也不用常常找眼鏡了😝
有叮嚀要多點人工淚液，跟消毒的眼藥水、進來早睡早起有助於傷口癒合，不要讓眼睛太疲勞，

術後專員也會關心你的狀況，主動電話聯繫安排回診！😊
特別謝謝大#眼科的諮詢師，超級溫柔及專業回覆疑難雜症，也謝謝院長
#中*大*眼科
#中壢國際大*眼科
https://megapx-assets.dcard.tw/images/a6512d98-660d-4b8c-bc93-a6f23876e1d8/orig.jpeg
https://megapx-assets.dcard.tw/images/55f7a9d5-9e24-4653-8ffe-e5fd541cb4a5/orig.jpeg
https://megapx-assets.dcard.tw/images/c5eadcb5-947b-4a73-8d0c-d0a460689c99/orig.jpeg
https://megapx-assets.dcard.tw/images/516ed09d-14af-49ed-abb3-f403aff0e26f/orig.jpeg","['近視', '雷射', '分享']",75a726e6-d4e3-4902-a410-2430a39fffcb,mood,心情,F,True,0,[],2,2,2024-07-09T00:49:52.864Z,2024-07-16T05:24:56.341Z,依比.卡洛斯溱,ketty5565,1
256066089,顳顎關節沖洗,"因為帶要咬合板快兩年 嘴還是張不開
醫生建議我要不要做顳顎關節沖洗+打玻尿酸
想問板上大家有做過嗎？
想問關節沖洗的話 保險有理賠嗎？
真的很怕再沒好轉要做大手術
目前是沒有很痛了 也沒常常痛
但就是嘴還是張不開
還是就這樣
跟他和平共處呢？

https://megapx-assets.dcard.tw/images/1b93331f-72ab-4da6-9439-e6baa3b955f7/orig.jpeg","['顳顎', '沖洗', '關節']",75a726e6-d4e3-4902-a410-2430a39fffcb,mood,心情,F,False,0,[],2,2,2024-07-09T00:24:34.621Z,2024-07-09T00:24:34.621Z,,,0
